timestamp,http_code,time_total,result
2026-08-27T14:34:32.3NZ,200,0.009241,success
2026-08-27T14:34:32.3NZ,200,0.007550,success
2026-08-27T14:34:32.3NZ,200,0.005385,success
2026-08-27T14:34:32.3NZ,200,0.007946,success
2026-08-27T14:34:32.3NZ,200,0.008720,success
2026-08-27T14:34:33.3NZ,200,0.010420,success
2026-08-27T14:34:33.3NZ,200,0.005067,success
2026-08-27T14:34:33.3NZ,200,0.005434,success
2026-08-27T14:34:33.3NZ,200,0.006197,success
2026-08-27T14:34:33.3NZ,200,0.005308,success
2026-08-27T14:34:33.3NZ,200,0.006447,success
2026-08-27T14:34:33.3NZ,200,0.014200,success
2026-08-27T14:34:34.3NZ,200,0.013815,success
2026-08-27T14:34:34.3NZ,200,0.008234,success
2026-08-27T14:34:34.3NZ,200,0.008738,success
2026-08-27T14:34:34.3NZ,200,0.009125,success
2026-08-27T14:34:34.3NZ,200,0.008132,success
2026-08-27T14:34:34.3NZ,200,0.011282,success
2026-08-27T14:34:34.3NZ,200,0.011871,success
2026-08-27T14:34:35.3NZ,200,0.008876,success
2026-08-27T14:34:35.3NZ,200,0.007407,success
2026-08-27T14:34:35.3NZ,200,0.006416,success
2026-08-27T14:34:35.3NZ,200,0.005305,success
2026-08-27T14:34:35.3NZ,200,0.008276,success
2026-08-27T14:34:35.3NZ,200,0.010739,success
2026-08-27T14:34:35.3NZ,200,0.006456,success
2026-08-27T14:34:36.3NZ,200,0.009342,success
2026-08-27T14:34:36.3NZ,200,0.005613,success
2026-08-27T14:34:36.3NZ,200,0.004176,success
2026-08-27T14:34:36.3NZ,200,0.010728,success
2026-08-27T14:34:36.3NZ,200,0.010824,success
2026-08-27T14:34:36.3NZ,200,0.007106,success
2026-08-27T14:34:36.3NZ,200,0.005497,success
2026-08-27T14:34:37.3NZ,200,0.004572,success
2026-08-27T14:34:37.3NZ,200,0.028797,success
2026-08-27T14:34:37.3NZ,200,0.004290,success
2026-08-27T14:34:37.3NZ,200,0.004194,success
2026-08-27T14:34:37.3NZ,200,0.005443,success
2026-08-27T14:34:37.3NZ,200,0.008589,success
2026-08-27T14:34:37.3NZ,200,0.007869,success
2026-08-27T14:34:38.3NZ,200,0.008241,success
2026-08-27T14:34:38.3NZ,200,0.007527,success
2026-08-27T14:34:38.3NZ,200,0.006373,success
2026-08-27T14:34:38.3NZ,200,0.005615,success
2026-08-27T14:34:38.3NZ,200,0.006234,success
2026-08-27T14:34:38.3NZ,200,0.008950,success
2026-08-27T14:34:38.3NZ,200,0.013345,success
2026-08-27T14:34:39.3NZ,200,0.004843,success
2026-08-27T14:34:39.3NZ,200,0.009595,success
2026-08-27T14:34:39.3NZ,200,0.011703,success
2026-08-27T14:34:39.3NZ,200,0.009439,success
2026-08-27T14:34:39.3NZ,200,0.005264,success
2026-08-27T14:34:39.3NZ,200,0.005263,success
2026-08-27T14:34:39.3NZ,200,0.006539,success
2026-08-27T14:34:40.3NZ,200,0.011628,success
2026-08-27T14:34:40.3NZ,200,0.008004,success
2026-08-27T14:34:40.3NZ,200,0.010182,success
2026-08-27T14:34:40.3NZ,200,0.008126,success
2026-08-27T14:34:40.3NZ,200,0.017503,success
2026-08-27T14:34:40.3NZ,200,0.009016,success
2026-08-27T14:34:41.3NZ,200,0.007372,success
2026-08-27T14:34:41.3NZ,200,0.007744,success
2026-08-27T14:34:41.3NZ,200,0.009024,success
2026-08-27T14:34:41.3NZ,200,0.009754,success
2026-08-27T14:34:41.3NZ,200,0.007317,success
2026-08-27T14:34:41.3NZ,200,0.006703,success
2026-08-27T14:34:41.3NZ,200,0.007680,success
2026-08-27T14:34:42.3NZ,200,0.004809,success
2026-08-27T14:34:42.3NZ,200,0.008518,success
2026-08-27T14:34:42.3NZ,200,0.012583,success
2026-08-27T14:34:42.3NZ,200,0.005075,success
2026-08-27T14:34:42.3NZ,200,0.005717,success
2026-08-27T14:34:42.3NZ,200,0.009149,success
2026-08-27T14:34:42.3NZ,200,0.013246,success
2026-08-27T14:34:43.3NZ,200,0.011197,success
2026-08-27T14:34:43.3NZ,200,0.011251,success
2026-08-27T14:34:43.3NZ,200,0.006667,success
2026-08-27T14:34:43.3NZ,200,0.006332,success
2026-08-27T14:34:43.3NZ,200,0.005378,success
2026-08-27T14:34:43.3NZ,200,0.004518,success
2026-08-27T14:34:43.3NZ,200,0.003915,success
2026-08-27T14:34:44.3NZ,200,0.006699,success
2026-08-27T14:34:44.3NZ,200,0.007001,success
2026-08-27T14:34:44.3NZ,200,0.008988,success
2026-08-27T14:34:44.3NZ,200,0.012135,success
2026-08-27T14:34:44.3NZ,200,0.012189,success
2026-08-27T14:34:44.3NZ,200,0.017541,success
2026-08-27T14:34:44.3NZ,200,0.005462,success
2026-08-27T14:34:45.3NZ,200,0.006604,success
2026-08-27T14:34:45.3NZ,200,0.007280,success
2026-08-27T14:34:45.3NZ,200,0.008065,success
2026-08-27T14:34:45.3NZ,200,0.004593,success
2026-08-27T14:34:45.3NZ,200,0.005025,success
2026-08-27T14:34:45.3NZ,200,0.004759,success
2026-08-27T14:34:45.3NZ,200,0.009241,success
2026-08-27T14:34:46.3NZ,200,0.010428,success
2026-08-27T14:34:46.3NZ,200,0.006017,success
2026-08-27T14:34:46.3NZ,200,0.008338,success
2026-08-27T14:34:46.3NZ,200,0.005436,success
2026-08-27T14:34:46.3NZ,200,0.005053,success
2026-08-27T14:34:46.3NZ,200,0.006198,success
2026-08-27T14:34:46.3NZ,200,0.006413,success
2026-08-27T14:34:47.3NZ,200,0.005977,success
2026-08-27T14:34:47.3NZ,200,0.011912,success
2026-08-27T14:34:47.3NZ,200,0.004959,success
2026-08-27T14:34:47.3NZ,200,0.019029,success
2026-08-27T14:34:47.3NZ,200,0.005356,success
2026-08-27T14:34:47.3NZ,200,0.004336,success
2026-08-27T14:34:47.3NZ,200,0.007277,success
2026-08-27T14:34:48.3NZ,200,0.010039,success
2026-08-27T14:34:48.3NZ,200,0.012395,success
2026-08-27T14:34:48.3NZ,200,0.008055,success
2026-08-27T14:34:48.3NZ,200,0.007994,success
2026-08-27T14:34:48.3NZ,200,0.007076,success
2026-08-27T14:34:48.3NZ,200,0.013919,success
2026-08-27T14:34:48.3NZ,200,0.007270,success
2026-08-27T14:34:49.3NZ,200,0.007426,success
2026-08-27T14:34:49.3NZ,200,0.007470,success
2026-08-27T14:34:49.3NZ,200,0.009185,success
2026-08-27T14:34:49.3NZ,200,0.010779,success
2026-08-27T14:34:49.3NZ,200,0.004647,success
2026-08-27T14:34:49.3NZ,200,0.005477,success
2026-08-27T14:34:49.3NZ,200,0.005306,success
2026-08-27T14:34:50.3NZ,200,0.006267,success
2026-08-27T14:34:50.3NZ,200,0.013972,success
2026-08-27T14:34:50.3NZ,200,0.006520,success
2026-08-27T14:34:50.3NZ,200,0.007027,success
2026-08-27T14:34:50.3NZ,200,0.005807,success
2026-08-27T14:34:50.3NZ,200,0.008220,success
2026-08-27T14:34:50.3NZ,200,0.009989,success
2026-08-27T14:34:50.3NZ,200,0.010513,success
2026-08-27T14:34:51.3NZ,200,0.010484,success
2026-08-27T14:34:51.3NZ,200,0.007250,success
2026-08-27T14:34:51.3NZ,200,0.010337,success
2026-08-27T14:34:51.3NZ,200,0.010882,success
2026-08-27T14:34:51.3NZ,200,0.013179,success
2026-08-27T14:34:51.3NZ,200,0.005519,success
2026-08-27T14:34:52.3NZ,200,0.006330,success
2026-08-27T14:34:52.3NZ,200,0.005153,success
2026-08-27T14:34:52.3NZ,200,0.006906,success
2026-08-27T14:34:52.3NZ,200,0.005713,success
2026-08-27T14:34:52.3NZ,200,0.005511,success
2026-08-27T14:34:52.3NZ,200,0.004310,success
2026-08-27T14:34:52.3NZ,200,0.005782,success
2026-08-27T14:34:52.3NZ,200,0.004549,success
2026-08-27T14:34:53.3NZ,200,0.006215,success
2026-08-27T14:34:53.3NZ,200,0.006117,success
2026-08-27T14:34:53.3NZ,200,0.005250,success
2026-08-27T14:34:53.3NZ,200,0.004968,success
2026-08-27T14:34:53.3NZ,200,0.006657,success
2026-08-27T14:34:53.3NZ,200,0.005485,success
2026-08-27T14:34:53.3NZ,200,0.005981,success
2026-08-27T14:34:54.3NZ,200,0.005239,success
2026-08-27T14:34:54.3NZ,200,0.011882,success
2026-08-27T14:34:54.3NZ,200,0.011746,success
2026-08-27T14:34:54.3NZ,200,0.009913,success
2026-08-27T14:34:54.3NZ,200,0.011633,success
2026-08-27T14:34:54.3NZ,200,0.011163,success
2026-08-27T14:34:54.3NZ,200,0.008533,success
2026-08-27T14:34:55.3NZ,200,0.005156,success
2026-08-27T14:34:55.3NZ,200,0.009450,success
2026-08-27T14:34:55.3NZ,200,0.009344,success
2026-08-27T14:34:55.3NZ,200,0.010873,success
2026-08-27T14:34:55.3NZ,200,0.005292,success
2026-08-27T14:34:55.3NZ,200,0.004639,success
2026-08-27T14:34:55.3NZ,200,0.004531,success
2026-08-27T14:34:56.3NZ,200,0.003963,success
2026-08-27T14:34:56.3NZ,200,0.007543,success
2026-08-27T14:34:56.3NZ,200,0.008747,success
2026-08-27T14:34:56.3NZ,200,0.005893,success
2026-08-27T14:34:56.3NZ,200,0.005248,success
2026-08-27T14:34:56.3NZ,200,0.006794,success
2026-08-27T14:34:56.3NZ,200,0.007094,success
2026-08-27T14:34:57.3NZ,200,0.008142,success
2026-08-27T14:34:57.3NZ,200,0.017790,success
2026-08-27T14:34:57.3NZ,200,0.017162,success
2026-08-27T14:34:57.3NZ,200,0.005834,success
2026-08-27T14:34:57.3NZ,200,0.004014,success
2026-08-27T14:34:57.3NZ,200,0.006327,success
2026-08-27T14:34:58.3NZ,200,0.004428,success
2026-08-27T14:34:58.3NZ,200,0.005962,success
2026-08-27T14:34:58.3NZ,200,0.021515,success
2026-08-27T14:34:58.3NZ,200,0.009065,success
2026-08-27T14:34:58.3NZ,200,0.004630,success
2026-08-27T14:34:58.3NZ,200,0.005037,success
2026-08-27T14:34:58.3NZ,200,0.009551,success
2026-08-27T14:34:59.3NZ,200,0.011200,success
2026-08-27T14:34:59.3NZ,200,0.004492,success
2026-08-27T14:34:59.3NZ,200,0.008397,success
2026-08-27T14:34:59.3NZ,200,0.007219,success
2026-08-27T14:34:59.3NZ,200,0.036723,success
2026-08-27T14:34:59.3NZ,200,0.005370,success
2026-08-27T14:34:59.3NZ,200,0.004368,success
2026-08-27T14:35:00.3NZ,200,0.006337,success
2026-08-27T14:35:00.3NZ,200,0.004563,success
2026-08-27T14:35:00.3NZ,200,0.005640,success
2026-08-27T14:35:00.3NZ,200,0.005337,success
2026-08-27T14:35:00.3NZ,200,0.004755,success
2026-08-27T14:35:00.3NZ,200,0.005729,success
2026-08-27T14:35:00.3NZ,200,0.007574,success
2026-08-27T14:35:00.3NZ,200,0.011278,success
2026-08-27T14:35:01.3NZ,200,0.009361,success
2026-08-27T14:35:01.3NZ,200,0.010897,success
2026-08-27T14:35:01.3NZ,200,0.013312,success
2026-08-27T14:35:01.3NZ,200,0.005594,success
2026-08-27T14:35:01.3NZ,200,0.008087,success
2026-08-27T14:35:01.3NZ,200,0.004395,success
2026-08-27T14:35:02.3NZ,200,0.009175,success
2026-08-27T14:35:02.3NZ,200,0.008651,success
2026-08-27T14:35:02.3NZ,200,0.005852,success
2026-08-27T14:35:02.3NZ,200,0.011044,success
2026-08-27T14:35:02.3NZ,200,0.012329,success
2026-08-27T14:35:02.3NZ,200,0.007891,success
2026-08-27T14:35:02.3NZ,200,0.009004,success
2026-08-27T14:35:03.3NZ,200,0.007851,success
2026-08-27T14:35:03.3NZ,200,0.010415,success
2026-08-27T14:35:03.3NZ,200,0.010259,success
2026-08-27T14:35:03.3NZ,200,0.008560,success
2026-08-27T14:35:03.3NZ,200,0.009229,success
2026-08-27T14:35:03.3NZ,200,0.010112,success
2026-08-27T14:35:03.3NZ,200,0.012603,success
2026-08-27T14:35:04.3NZ,200,0.009607,success
2026-08-27T14:35:04.3NZ,200,0.015508,success
2026-08-27T14:35:04.3NZ,200,0.014741,success
2026-08-27T14:35:04.3NZ,200,0.013559,success
2026-08-27T14:35:04.3NZ,200,0.009570,success
2026-08-27T14:35:04.3NZ,200,0.009417,success
2026-08-27T14:35:05.3NZ,200,0.010246,success
2026-08-27T14:35:05.3NZ,200,0.009291,success
2026-08-27T14:35:05.3NZ,200,0.015964,success
2026-08-27T14:35:05.3NZ,200,0.013923,success
2026-08-27T14:35:05.3NZ,200,0.011416,success
2026-08-27T14:35:05.3NZ,200,0.006914,success
2026-08-27T14:35:05.3NZ,200,0.005209,success
2026-08-27T14:35:06.3NZ,200,0.008035,success
2026-08-27T14:35:06.3NZ,200,0.007268,success
2026-08-27T14:35:06.3NZ,200,0.005719,success
2026-08-27T14:35:06.3NZ,200,0.006816,success
2026-08-27T14:35:06.3NZ,200,0.010272,success
2026-08-27T14:35:06.3NZ,200,0.010740,success
2026-08-27T14:35:06.3NZ,200,0.006698,success
2026-08-27T14:35:07.3NZ,200,0.008330,success
2026-08-27T14:35:07.3NZ,200,0.005080,success
2026-08-27T14:35:07.3NZ,200,0.007502,success
2026-08-27T14:35:07.3NZ,200,0.005508,success
2026-08-27T14:35:07.3NZ,200,0.004661,success
2026-08-27T14:35:07.3NZ,200,0.004985,success
2026-08-27T14:35:07.3NZ,200,0.006103,success
2026-08-27T14:35:08.3NZ,200,0.004185,success
2026-08-27T14:35:08.3NZ,200,0.008974,success
2026-08-27T14:35:08.3NZ,200,0.015784,success
2026-08-27T14:35:08.3NZ,200,0.009043,success
2026-08-27T14:35:08.3NZ,200,0.007000,success
2026-08-27T14:35:08.3NZ,200,0.007183,success
2026-08-27T14:35:08.3NZ,200,0.007065,success
2026-08-27T14:35:09.3NZ,200,0.008268,success
2026-08-27T14:35:09.3NZ,200,0.010839,success
2026-08-27T14:35:09.3NZ,200,0.013269,success
2026-08-27T14:35:09.3NZ,200,0.007798,success
2026-08-27T14:35:09.3NZ,200,0.010152,success
2026-08-27T14:35:09.3NZ,200,0.004612,success
2026-08-27T14:35:09.3NZ,200,0.004177,success
2026-08-27T14:35:10.3NZ,200,0.005020,success
2026-08-27T14:35:10.3NZ,200,0.010046,success
2026-08-27T14:35:10.3NZ,200,0.007322,success
2026-08-27T14:35:10.3NZ,200,0.008081,success
2026-08-27T14:35:10.3NZ,200,0.005172,success
2026-08-27T14:35:10.3NZ,200,0.007777,success
2026-08-27T14:35:10.3NZ,200,0.011154,success
2026-08-27T14:35:11.3NZ,200,0.011967,success
2026-08-27T14:35:11.3NZ,200,0.010519,success
2026-08-27T14:35:11.3NZ,200,0.008551,success
2026-08-27T14:35:11.3NZ,200,0.006833,success
2026-08-27T14:35:11.3NZ,200,0.008884,success
2026-08-27T14:35:11.3NZ,200,0.008141,success
2026-08-27T14:35:11.3NZ,200,0.011383,success
2026-08-27T14:35:12.3NZ,200,0.006734,success
2026-08-27T14:35:12.3NZ,200,0.009497,success
2026-08-27T14:35:12.3NZ,200,0.014174,success
2026-08-27T14:35:12.3NZ,200,0.014427,success
2026-08-27T14:35:12.3NZ,200,0.009276,success
2026-08-27T14:35:12.3NZ,200,0.010481,success
2026-08-27T14:35:13.3NZ,200,0.010803,success
2026-08-27T14:35:13.3NZ,200,0.008726,success
2026-08-27T14:35:13.3NZ,200,0.012353,success
2026-08-27T14:35:13.3NZ,200,0.012918,success
2026-08-27T14:35:13.3NZ,200,0.008295,success
2026-08-27T14:35:13.3NZ,200,0.009405,success
2026-08-27T14:35:13.3NZ,200,0.005887,success
2026-08-27T14:35:14.3NZ,200,0.004834,success
2026-08-27T14:35:14.3NZ,200,0.004606,success
2026-08-27T14:35:14.3NZ,200,0.005180,success
2026-08-27T14:35:14.3NZ,200,0.011912,success
2026-08-27T14:35:14.3NZ,200,0.014078,success
2026-08-27T14:35:14.3NZ,200,0.010233,success
2026-08-27T14:35:14.3NZ,200,0.008198,success
2026-08-27T14:35:15.3NZ,200,0.008369,success
2026-08-27T14:35:15.3NZ,200,0.005772,success
2026-08-27T14:35:15.3NZ,200,0.008995,success
2026-08-27T14:35:15.3NZ,200,0.008121,success
2026-08-27T14:35:15.3NZ,200,0.008706,success
2026-08-27T14:35:15.3NZ,200,0.009915,success
2026-08-27T14:35:16.3NZ,200,0.005347,success
2026-08-27T14:35:16.3NZ,200,0.004658,success
2026-08-27T14:35:16.3NZ,200,0.004930,success
2026-08-27T14:35:16.3NZ,200,0.008356,success
2026-08-27T14:35:16.3NZ,200,0.007478,success
2026-08-27T14:35:16.3NZ,200,0.007400,success
2026-08-27T14:35:16.3NZ,200,0.008999,success
2026-08-27T14:35:17.3NZ,200,0.008761,success
2026-08-27T14:35:17.3NZ,200,0.003923,success
2026-08-27T14:35:17.3NZ,200,0.030327,success
2026-08-27T14:35:17.3NZ,200,0.005264,success
2026-08-27T14:35:17.3NZ,200,0.004781,success
2026-08-27T14:35:17.3NZ,200,0.005160,success
2026-08-27T14:35:18.3NZ,200,0.018711,success
2026-08-27T14:35:18.3NZ,200,0.006893,success
2026-08-27T14:35:18.3NZ,200,0.005548,success
2026-08-27T14:35:18.3NZ,200,0.005439,success
2026-08-27T14:35:18.3NZ,200,0.005245,success
2026-08-27T14:35:18.3NZ,200,0.006138,success
2026-08-27T14:35:18.3NZ,200,0.006982,success
2026-08-27T14:35:19.3NZ,200,0.005917,success
2026-08-27T14:35:19.3NZ,200,0.005003,success
2026-08-27T14:35:19.3NZ,200,0.008699,success
2026-08-27T14:35:19.3NZ,200,0.010519,success
2026-08-27T14:35:19.3NZ,200,0.026610,success
2026-08-27T14:35:19.3NZ,200,0.004867,success
2026-08-27T14:35:19.3NZ,200,0.004156,success
2026-08-27T14:35:20.3NZ,200,0.006290,success
2026-08-27T14:35:20.3NZ,200,0.008752,success
2026-08-27T14:35:20.3NZ,200,0.005752,success
2026-08-27T14:35:20.3NZ,200,0.009497,success
2026-08-27T14:35:20.3NZ,200,0.007847,success
2026-08-27T14:35:20.3NZ,200,0.010625,success
2026-08-27T14:35:20.3NZ,200,0.009466,success
2026-08-27T14:35:21.3NZ,200,0.008895,success
2026-08-27T14:35:21.3NZ,200,0.005114,success
2026-08-27T14:35:21.3NZ,200,0.013916,success
2026-08-27T14:35:21.3NZ,200,0.007282,success
2026-08-27T14:35:21.3NZ,200,0.008834,success
2026-08-27T14:35:21.3NZ,200,0.010569,success
2026-08-27T14:35:21.3NZ,200,0.008506,success
2026-08-27T14:35:22.3NZ,200,0.005556,success
2026-08-27T14:35:22.3NZ,200,0.006684,success
2026-08-27T14:35:22.3NZ,200,0.004434,success
2026-08-27T14:35:22.3NZ,200,0.008099,success
2026-08-27T14:35:22.3NZ,200,0.009822,success
2026-08-27T14:35:22.3NZ,200,0.005969,success
2026-08-27T14:35:22.3NZ,200,0.004381,success
2026-08-27T14:35:23.3NZ,200,0.006346,success
2026-08-27T14:35:23.3NZ,200,0.012699,success
2026-08-27T14:35:23.3NZ,200,0.010858,success
2026-08-27T14:35:23.3NZ,200,0.010828,success
2026-08-27T14:35:23.3NZ,200,0.008165,success
2026-08-27T14:35:23.3NZ,200,0.010871,success
2026-08-27T14:35:23.3NZ,200,0.005785,success
2026-08-27T14:35:24.3NZ,200,0.006121,success
2026-08-27T14:35:24.3NZ,200,0.008007,success
2026-08-27T14:35:24.3NZ,200,0.009903,success
2026-08-27T14:35:24.3NZ,200,0.012397,success
2026-08-27T14:35:24.3NZ,200,0.010753,success
2026-08-27T14:35:24.3NZ,200,0.009558,success
2026-08-27T14:35:24.3NZ,200,0.004863,success
2026-08-27T14:35:25.3NZ,200,0.012932,success
2026-08-27T14:35:25.3NZ,200,0.009262,success
2026-08-27T14:35:25.3NZ,200,0.009355,success
2026-08-27T14:35:25.3NZ,200,0.009717,success
2026-08-27T14:35:25.3NZ,200,0.009533,success
2026-08-27T14:35:25.3NZ,200,0.010425,success
2026-08-27T14:35:25.3NZ,200,0.007090,success
2026-08-27T14:35:26.3NZ,200,0.007857,success
2026-08-27T14:35:26.3NZ,200,0.004336,success
2026-08-27T14:35:26.3NZ,200,0.004891,success
2026-08-27T14:35:26.3NZ,200,0.005433,success
2026-08-27T14:35:26.3NZ,200,0.006604,success
2026-08-27T14:35:26.3NZ,200,0.007433,success
2026-08-27T14:35:26.3NZ,200,0.008688,success
2026-08-27T14:35:27.3NZ,200,0.009070,success
2026-08-27T14:35:27.3NZ,200,0.007180,success
2026-08-27T14:35:27.3NZ,200,0.010900,success
2026-08-27T14:35:27.3NZ,200,0.008966,success
2026-08-27T14:35:27.3NZ,200,0.005994,success
2026-08-27T14:35:27.3NZ,200,0.005631,success
2026-08-27T14:35:27.3NZ,200,0.005257,success
2026-08-27T14:35:28.3NZ,200,0.005001,success
2026-08-27T14:35:28.3NZ,200,0.006824,success
2026-08-27T14:35:28.3NZ,200,0.009009,success
2026-08-27T14:35:28.3NZ,200,0.008170,success
2026-08-27T14:35:28.3NZ,200,0.012360,success
2026-08-27T14:35:28.3NZ,200,0.008852,success
2026-08-27T14:35:29.3NZ,200,0.010903,success
2026-08-27T14:35:29.3NZ,200,0.008950,success
2026-08-27T14:35:29.3NZ,200,0.011579,success
2026-08-27T14:35:29.3NZ,200,0.012346,success
2026-08-27T14:35:29.3NZ,200,0.006915,success
2026-08-27T14:35:29.3NZ,200,0.006983,success
2026-08-27T14:35:29.3NZ,200,0.007439,success
2026-08-27T14:35:30.3NZ,200,0.007422,success
2026-08-27T14:35:30.3NZ,200,0.008213,success
2026-08-27T14:35:30.3NZ,200,0.009050,success
2026-08-27T14:35:30.3NZ,200,0.009120,success
2026-08-27T14:35:30.3NZ,200,0.013464,success
2026-08-27T14:35:30.3NZ,200,0.009004,success
2026-08-27T14:35:31.3NZ,200,0.010286,success
2026-08-27T14:35:31.3NZ,200,0.005975,success
2026-08-27T14:35:31.3NZ,200,0.014083,success
2026-08-27T14:35:31.3NZ,200,0.010565,success
2026-08-27T14:35:31.3NZ,200,0.007618,success
2026-08-27T14:35:31.3NZ,200,0.009209,success
2026-08-27T14:35:31.3NZ,200,0.007813,success
2026-08-27T14:35:32.3NZ,200,0.008768,success
2026-08-27T14:35:32.3NZ,200,0.064370,success
2026-08-27T14:35:32.3NZ,200,0.007201,success
2026-08-27T14:35:32.3NZ,200,0.005359,success
2026-08-27T14:35:32.3NZ,200,0.004320,success
2026-08-27T14:35:32.3NZ,200,0.009962,success
2026-08-27T14:35:33.3NZ,200,0.006549,success
2026-08-27T14:35:33.3NZ,200,0.010567,success
2026-08-27T14:35:33.3NZ,200,0.010139,success
2026-08-27T14:35:33.3NZ,200,0.014322,success
2026-08-27T14:35:33.3NZ,200,0.008644,success
2026-08-27T14:35:33.3NZ,200,0.007408,success
2026-08-27T14:35:33.3NZ,200,0.006731,success
2026-08-27T14:35:34.3NZ,200,0.005926,success
2026-08-27T14:35:34.3NZ,200,0.008308,success
2026-08-27T14:35:34.3NZ,200,0.007483,success
2026-08-27T14:35:34.3NZ,200,0.007745,success
2026-08-27T14:35:34.3NZ,200,0.007788,success
2026-08-27T14:35:34.3NZ,200,0.010921,success
2026-08-27T14:35:34.3NZ,200,0.008107,success
2026-08-27T14:35:35.3NZ,200,0.008059,success
2026-08-27T14:35:35.3NZ,200,0.009501,success
2026-08-27T14:35:35.3NZ,200,0.011612,success
2026-08-27T14:35:35.3NZ,200,0.011177,success
2026-08-27T14:35:35.3NZ,200,0.009749,success
2026-08-27T14:35:35.3NZ,200,0.011632,success
2026-08-27T14:35:36.3NZ,200,0.010330,success
2026-08-27T14:35:36.3NZ,200,0.008276,success
2026-08-27T14:35:36.3NZ,200,0.009246,success
2026-08-27T14:35:36.3NZ,200,0.005995,success
2026-08-27T14:35:36.3NZ,200,0.005806,success
2026-08-27T14:35:36.3NZ,200,0.007766,success
2026-08-27T14:35:36.3NZ,200,0.007084,success
2026-08-27T14:35:37.3NZ,200,0.009334,success
2026-08-27T14:35:37.3NZ,200,0.007803,success
2026-08-27T14:35:37.3NZ,200,0.005561,success
2026-08-27T14:35:37.3NZ,200,0.005406,success
2026-08-27T14:35:37.3NZ,200,0.007998,success
2026-08-27T14:35:37.3NZ,200,0.008669,success
2026-08-27T14:35:37.3NZ,200,0.008128,success
2026-08-27T14:35:38.3NZ,200,0.009888,success
2026-08-27T14:35:38.3NZ,200,0.005777,success
2026-08-27T14:35:38.3NZ,200,0.005490,success
2026-08-27T14:35:38.3NZ,200,0.006382,success
2026-08-27T14:35:38.3NZ,200,0.008049,success
2026-08-27T14:35:38.3NZ,200,0.008946,success
2026-08-27T14:35:38.3NZ,200,0.011575,success
2026-08-27T14:35:39.3NZ,200,0.008061,success
2026-08-27T14:35:39.3NZ,200,0.008922,success
2026-08-27T14:35:39.3NZ,200,0.009767,success
2026-08-27T14:35:39.3NZ,200,0.008367,success
2026-08-27T14:35:39.3NZ,200,0.004608,success
2026-08-27T14:35:39.3NZ,200,0.004396,success
2026-08-27T14:35:39.3NZ,200,0.008516,success
2026-08-27T14:35:40.3NZ,200,0.008046,success
2026-08-27T14:35:40.3NZ,200,0.007516,success
2026-08-27T14:35:40.3NZ,200,0.010572,success
2026-08-27T14:35:40.3NZ,200,0.009518,success
2026-08-27T14:35:40.3NZ,200,0.007846,success
2026-08-27T14:35:40.3NZ,200,0.010994,success
2026-08-27T14:35:41.3NZ,200,0.010483,success
2026-08-27T14:35:41.3NZ,200,0.012778,success
2026-08-27T14:35:41.3NZ,200,0.013084,success
2026-08-27T14:35:41.3NZ,200,0.007779,success
2026-08-27T14:35:41.3NZ,200,0.023729,success
2026-08-27T14:35:41.3NZ,200,0.006590,success
2026-08-27T14:35:41.3NZ,200,0.005294,success
2026-08-27T14:35:42.3NZ,200,0.007528,success
2026-08-27T14:35:42.3NZ,200,0.007996,success
2026-08-27T14:35:42.3NZ,200,0.008788,success
2026-08-27T14:35:42.3NZ,200,0.008358,success
2026-08-27T14:35:42.3NZ,200,0.016811,success
2026-08-27T14:35:42.3NZ,200,0.012945,success
2026-08-27T14:35:43.3NZ,200,0.010074,success
2026-08-27T14:35:43.3NZ,200,0.009777,success
2026-08-27T14:35:43.3NZ,200,0.010163,success
2026-08-27T14:35:43.3NZ,200,0.011368,success
2026-08-27T14:35:43.3NZ,200,0.010098,success
2026-08-27T14:35:43.3NZ,200,0.009606,success
2026-08-27T14:35:43.3NZ,200,0.007956,success
2026-08-27T14:35:44.3NZ,200,0.008276,success
2026-08-27T14:35:44.3NZ,200,0.008591,success
2026-08-27T14:35:44.3NZ,200,0.012800,success
2026-08-27T14:35:44.3NZ,200,0.010666,success
2026-08-27T14:35:44.3NZ,200,0.015751,success
2026-08-27T14:35:44.3NZ,200,0.012768,success
2026-08-27T14:35:44.3NZ,200,0.010425,success
2026-08-27T14:35:45.3NZ,200,0.015211,success
2026-08-27T14:35:45.3NZ,200,0.008743,success
2026-08-27T14:35:45.3NZ,200,0.009686,success
2026-08-27T14:35:45.3NZ,200,0.012052,success
2026-08-27T14:35:45.3NZ,200,0.010368,success
2026-08-27T14:35:45.3NZ,200,0.015351,success
2026-08-27T14:35:46.3NZ,200,0.009149,success
2026-08-27T14:35:46.3NZ,200,0.008540,success
2026-08-27T14:35:46.3NZ,200,0.008370,success
2026-08-27T14:35:46.3NZ,200,0.009732,success
2026-08-27T14:35:46.3NZ,200,0.007826,success
2026-08-27T14:35:46.3NZ,200,0.006520,success
2026-08-27T14:35:46.3NZ,200,0.010002,success
2026-08-27T14:35:47.3NZ,200,0.008290,success
2026-08-27T14:35:47.3NZ,200,0.007993,success
2026-08-27T14:35:47.3NZ,200,0.014140,success
2026-08-27T14:35:47.3NZ,200,0.010714,success
2026-08-27T14:35:47.3NZ,200,0.004715,success
2026-08-27T14:35:47.3NZ,200,0.007052,success
2026-08-27T14:35:48.3NZ,200,0.009770,success
2026-08-27T14:35:48.3NZ,200,0.009302,success
2026-08-27T14:35:48.3NZ,200,0.011101,success
2026-08-27T14:35:48.3NZ,200,0.009804,success
2026-08-27T14:35:48.3NZ,200,0.004120,success
2026-08-27T14:35:48.3NZ,200,0.007820,success
2026-08-27T14:35:48.3NZ,200,0.012223,success
2026-08-27T14:35:49.3NZ,200,0.010386,success
2026-08-27T14:35:49.3NZ,200,0.008351,success
2026-08-27T14:35:49.3NZ,200,0.010568,success
2026-08-27T14:35:49.3NZ,200,0.007330,success
2026-08-27T14:35:49.3NZ,200,0.006626,success
2026-08-27T14:35:49.3NZ,200,0.005912,success
2026-08-27T14:35:49.3NZ,200,0.008762,success
2026-08-27T14:35:50.3NZ,200,0.009001,success
2026-08-27T14:35:50.3NZ,200,0.009876,success
2026-08-27T14:35:50.3NZ,200,0.007709,success
2026-08-27T14:35:50.3NZ,200,0.010013,success
2026-08-27T14:35:50.3NZ,200,0.009352,success
2026-08-27T14:35:50.3NZ,200,0.011755,success
2026-08-27T14:35:50.3NZ,200,0.012175,success
2026-08-27T14:35:51.3NZ,200,0.008578,success
2026-08-27T14:35:51.3NZ,200,0.010444,success
2026-08-27T14:35:51.3NZ,200,0.014608,success
2026-08-27T14:35:51.3NZ,200,0.009673,success
2026-08-27T14:35:51.3NZ,200,0.008178,success
2026-08-27T14:35:51.3NZ,200,0.008470,success
2026-08-27T14:35:52.3NZ,200,0.009656,success
2026-08-27T14:35:52.3NZ,200,0.008140,success
2026-08-27T14:35:52.3NZ,200,0.009195,success
2026-08-27T14:35:52.3NZ,200,0.006537,success
2026-08-27T14:35:52.3NZ,200,0.009196,success
2026-08-27T14:35:52.3NZ,200,0.012064,success
2026-08-27T14:35:52.3NZ,200,0.008681,success
2026-08-27T14:35:53.3NZ,200,0.009627,success
2026-08-27T14:35:53.3NZ,200,0.011681,success
2026-08-27T14:35:53.3NZ,200,0.011933,success
2026-08-27T14:35:53.3NZ,200,0.007018,success
2026-08-27T14:35:53.3NZ,200,0.007325,success
2026-08-27T14:35:53.3NZ,200,0.011835,success
2026-08-27T14:35:54.3NZ,200,0.008504,success
2026-08-27T14:35:54.3NZ,200,0.008778,success
2026-08-27T14:35:54.3NZ,200,0.006451,success
2026-08-27T14:35:54.3NZ,200,0.007039,success
2026-08-27T14:35:54.3NZ,200,0.009486,success
2026-08-27T14:35:54.3NZ,200,0.006361,success
2026-08-27T14:35:54.3NZ,200,0.007488,success
2026-08-27T14:35:55.3NZ,200,0.008385,success
2026-08-27T14:35:55.3NZ,200,0.011328,success
2026-08-27T14:35:55.3NZ,200,0.013356,success
2026-08-27T14:35:55.3NZ,200,0.010829,success
2026-08-27T14:35:55.3NZ,200,0.009194,success
2026-08-27T14:35:55.3NZ,200,0.010416,success
2026-08-27T14:35:55.3NZ,200,0.011855,success
2026-08-27T14:35:56.3NZ,200,0.009087,success
2026-08-27T14:35:56.3NZ,200,0.013145,success
2026-08-27T14:35:56.3NZ,200,0.014381,success
2026-08-27T14:35:56.3NZ,200,0.011547,success
2026-08-27T14:35:56.3NZ,200,0.008518,success
2026-08-27T14:35:56.3NZ,200,0.005761,success
2026-08-27T14:35:57.3NZ,200,0.005433,success
2026-08-27T14:35:57.3NZ,200,0.006649,success
2026-08-27T14:35:57.3NZ,200,0.004917,success
2026-08-27T14:35:57.3NZ,200,0.028757,success
2026-08-27T14:35:57.3NZ,200,0.004598,success
2026-08-27T14:35:57.3NZ,200,0.008420,success
2026-08-27T14:35:57.3NZ,200,0.007595,success
2026-08-27T14:35:58.3NZ,200,0.009372,success
2026-08-27T14:35:58.3NZ,200,0.010051,success
2026-08-27T14:35:58.3NZ,200,0.012974,success
2026-08-27T14:35:58.3NZ,200,0.008741,success
2026-08-27T14:35:58.3NZ,200,0.007031,success
2026-08-27T14:35:58.3NZ,200,0.006051,success
2026-08-27T14:35:58.3NZ,200,0.009270,success
2026-08-27T14:35:59.3NZ,200,0.009009,success
2026-08-27T14:35:59.3NZ,200,0.009630,success
2026-08-27T14:35:59.3NZ,200,0.009414,success
2026-08-27T14:35:59.3NZ,200,0.007411,success
2026-08-27T14:35:59.3NZ,200,0.006497,success
2026-08-27T14:35:59.3NZ,200,0.006437,success
2026-08-27T14:35:59.3NZ,200,0.014743,success
2026-08-27T14:36:00.3NZ,200,0.008253,success
2026-08-27T14:36:00.3NZ,200,0.013026,success
2026-08-27T14:36:00.3NZ,200,0.008674,success
2026-08-27T14:36:00.3NZ,200,0.012661,success
2026-08-27T14:36:00.3NZ,200,0.009838,success
2026-08-27T14:36:00.3NZ,200,0.008494,success
2026-08-27T14:36:01.3NZ,200,0.010564,success
2026-08-27T14:36:01.3NZ,200,0.009017,success
2026-08-27T14:36:01.3NZ,200,0.010888,success
2026-08-27T14:36:01.3NZ,200,0.011789,success
2026-08-27T14:36:01.3NZ,200,0.010524,success
2026-08-27T14:36:01.3NZ,200,0.009760,success
2026-08-27T14:36:01.3NZ,200,0.006465,success
2026-08-27T14:36:02.3NZ,200,0.007599,success
2026-08-27T14:36:02.3NZ,200,0.010075,success
2026-08-27T14:36:02.3NZ,200,0.005507,success
2026-08-27T14:36:02.3NZ,200,0.010513,success
2026-08-27T14:36:02.3NZ,200,0.010832,success
2026-08-27T14:36:02.3NZ,200,0.008581,success
2026-08-27T14:36:02.3NZ,200,0.010038,success
2026-08-27T14:36:03.3NZ,200,0.008142,success
2026-08-27T14:36:03.3NZ,200,0.007338,success
2026-08-27T14:36:03.3NZ,200,0.010454,success
2026-08-27T14:36:03.3NZ,200,0.012339,success
2026-08-27T14:36:03.3NZ,200,0.010579,success
2026-08-27T14:36:03.3NZ,200,0.011736,success
2026-08-27T14:36:04.3NZ,200,0.007438,success
2026-08-27T14:36:04.3NZ,200,0.004502,success
2026-08-27T14:36:04.3NZ,200,0.010148,success
2026-08-27T14:36:04.3NZ,200,0.013901,success
2026-08-27T14:36:04.3NZ,200,0.013292,success
2026-08-27T14:36:04.3NZ,200,0.010124,success
2026-08-27T14:36:04.3NZ,200,0.006176,success
2026-08-27T14:36:05.3NZ,200,0.005431,success
2026-08-27T14:36:05.3NZ,200,0.007801,success
2026-08-27T14:36:05.3NZ,200,0.011464,success
2026-08-27T14:36:05.3NZ,200,0.007277,success
2026-08-27T14:36:05.3NZ,200,0.003826,success
2026-08-27T14:36:05.3NZ,200,0.006633,success
2026-08-27T14:36:05.3NZ,200,0.009259,success
2026-08-27T14:36:06.3NZ,200,0.006819,success
2026-08-27T14:36:06.3NZ,200,0.008701,success
2026-08-27T14:36:06.3NZ,200,0.012130,success
2026-08-27T14:36:06.3NZ,200,0.009973,success
2026-08-27T14:36:06.3NZ,200,0.011528,success
2026-08-27T14:36:06.3NZ,200,0.008295,success
2026-08-27T14:36:07.3NZ,200,0.008977,success
2026-08-27T14:36:07.3NZ,200,0.005603,success
2026-08-27T14:36:07.3NZ,200,0.006736,success
2026-08-27T14:36:07.3NZ,200,0.005584,success
2026-08-27T14:36:07.3NZ,200,0.007823,success
2026-08-27T14:36:07.3NZ,200,0.007409,success
2026-08-27T14:36:07.3NZ,200,0.009620,success
2026-08-27T14:36:08.3NZ,200,0.010061,success
2026-08-27T14:36:08.3NZ,200,0.009933,success
2026-08-27T14:36:08.3NZ,200,0.010042,success
2026-08-27T14:36:08.3NZ,200,0.008230,success
2026-08-27T14:36:08.3NZ,200,0.011067,success
2026-08-27T14:36:08.3NZ,200,0.007337,success
2026-08-27T14:36:08.3NZ,200,0.005790,success
2026-08-27T14:36:09.3NZ,200,0.008492,success
2026-08-27T14:36:09.3NZ,200,0.007767,success
2026-08-27T14:36:09.3NZ,200,0.011904,success
2026-08-27T14:36:09.3NZ,200,0.010056,success
2026-08-27T14:36:09.3NZ,200,0.007215,success
2026-08-27T14:36:09.3NZ,200,0.009021,success
2026-08-27T14:36:09.3NZ,200,0.011070,success
2026-08-27T14:36:10.3NZ,200,0.006790,success
2026-08-27T14:36:10.3NZ,200,0.007586,success
2026-08-27T14:36:10.3NZ,200,0.009063,success
2026-08-27T14:36:10.3NZ,200,0.010379,success
2026-08-27T14:36:10.3NZ,200,0.013707,success
2026-08-27T14:36:10.3NZ,200,0.009477,success
2026-08-27T14:36:10.3NZ,200,0.009556,success
2026-08-27T14:36:11.3NZ,200,0.007922,success
2026-08-27T14:36:11.3NZ,200,0.011689,success
2026-08-27T14:36:11.3NZ,200,0.017068,success
2026-08-27T14:36:11.3NZ,200,0.008961,success
2026-08-27T14:36:11.3NZ,200,0.010446,success
2026-08-27T14:36:11.3NZ,200,0.009152,success
2026-08-27T14:36:12.3NZ,200,0.009069,success
2026-08-27T14:36:12.3NZ,200,0.008634,success
2026-08-27T14:36:12.3NZ,200,0.009908,success
2026-08-27T14:36:12.3NZ,200,0.012866,success
2026-08-27T14:36:12.3NZ,200,0.009817,success
2026-08-27T14:36:12.3NZ,200,0.019698,success
2026-08-27T14:36:13.3NZ,200,0.007631,success
2026-08-27T14:36:13.3NZ,200,0.010009,success
2026-08-27T14:36:13.3NZ,200,0.009400,success
2026-08-27T14:36:13.3NZ,200,0.008661,success
2026-08-27T14:36:13.3NZ,200,0.007725,success
2026-08-27T14:36:13.3NZ,200,0.006205,success
2026-08-27T14:36:13.3NZ,200,0.004422,success
2026-08-27T14:36:14.3NZ,200,0.007685,success
2026-08-27T14:36:14.3NZ,200,0.005703,success
2026-08-27T14:36:14.3NZ,200,0.007446,success
2026-08-27T14:36:14.3NZ,200,0.013368,success
2026-08-27T14:36:14.3NZ,200,0.011907,success
2026-08-27T14:36:14.3NZ,200,0.008432,success
2026-08-27T14:36:14.3NZ,200,0.008604,success
2026-08-27T14:36:15.3NZ,200,0.009722,success
2026-08-27T14:36:15.3NZ,200,0.009996,success
2026-08-27T14:36:15.3NZ,200,0.010936,success
2026-08-27T14:36:15.3NZ,200,0.010049,success
2026-08-27T14:36:15.3NZ,200,0.011467,success
2026-08-27T14:36:15.3NZ,200,0.005834,success
2026-08-27T14:36:15.3NZ,200,0.009699,success
2026-08-27T14:36:16.3NZ,200,0.009140,success
2026-08-27T14:36:16.3NZ,200,0.008288,success
2026-08-27T14:36:16.3NZ,200,0.007168,success
2026-08-27T14:36:16.3NZ,200,0.008072,success
2026-08-27T14:36:16.3NZ,200,0.010813,success
2026-08-27T14:36:16.3NZ,200,0.008740,success
2026-08-27T14:36:16.3NZ,200,0.007915,success
2026-08-27T14:36:17.3NZ,200,0.031506,success
2026-08-27T14:36:17.3NZ,200,0.004330,success
2026-08-27T14:36:17.3NZ,200,0.004842,success
2026-08-27T14:36:17.3NZ,200,0.004593,success
2026-08-27T14:36:17.3NZ,200,0.003857,success
2026-08-27T14:36:17.3NZ,200,0.007449,success
2026-08-27T14:36:17.3NZ,200,0.009861,success
2026-08-27T14:36:18.3NZ,200,0.012299,success
2026-08-27T14:36:18.3NZ,200,0.008487,success
2026-08-27T14:36:18.3NZ,200,0.011391,success
2026-08-27T14:36:18.3NZ,200,0.007679,success
2026-08-27T14:36:18.3NZ,200,0.008826,success
2026-08-27T14:36:18.3NZ,200,0.009557,success
2026-08-27T14:36:19.3NZ,200,0.006391,success
2026-08-27T14:36:19.3NZ,200,0.005716,success
2026-08-27T14:36:19.3NZ,200,0.008598,success
2026-08-27T14:36:19.3NZ,200,0.009687,success
2026-08-27T14:36:19.3NZ,200,0.008187,success
2026-08-27T14:36:19.3NZ,200,0.004867,success
2026-08-27T14:36:19.3NZ,200,0.005778,success
2026-08-27T14:36:20.3NZ,200,0.011886,success
2026-08-27T14:36:20.3NZ,200,0.004999,success
2026-08-27T14:36:20.3NZ,200,0.004969,success
2026-08-27T14:36:20.3NZ,200,0.004802,success
2026-08-27T14:36:20.3NZ,200,0.005196,success
2026-08-27T14:36:20.3NZ,200,0.009216,success
2026-08-27T14:36:20.3NZ,200,0.010246,success
2026-08-27T14:36:21.3NZ,200,0.006147,success
2026-08-27T14:36:21.3NZ,200,0.008714,success
2026-08-27T14:36:21.3NZ,200,0.005957,success
2026-08-27T14:36:21.3NZ,200,0.010354,success
2026-08-27T14:36:21.3NZ,200,0.009861,success
2026-08-27T14:36:21.3NZ,200,0.018924,success
2026-08-27T14:36:21.3NZ,200,0.010826,success
2026-08-27T14:36:22.3NZ,200,0.006039,success
2026-08-27T14:36:22.3NZ,200,0.012232,success
2026-08-27T14:36:22.3NZ,200,0.004668,success
2026-08-27T14:36:22.3NZ,200,0.017334,success
2026-08-27T14:36:22.3NZ,200,0.017602,success
2026-08-27T14:36:22.3NZ,200,0.006149,success
2026-08-27T14:36:23.3NZ,200,0.005119,success
2026-08-27T14:36:23.3NZ,200,0.004210,success
2026-08-27T14:36:23.3NZ,200,0.014819,success
2026-08-27T14:36:23.3NZ,200,0.013183,success
2026-08-27T14:36:23.3NZ,200,0.009355,success
2026-08-27T14:36:23.3NZ,200,0.009048,success
2026-08-27T14:36:23.3NZ,200,0.009295,success
2026-08-27T14:36:24.3NZ,200,0.010119,success
2026-08-27T14:36:24.3NZ,200,0.010434,success
2026-08-27T14:36:24.3NZ,200,0.019531,success
2026-08-27T14:36:24.3NZ,200,0.010080,success
2026-08-27T14:36:24.3NZ,200,0.011807,success
2026-08-27T14:36:24.3NZ,200,0.008864,success
2026-08-27T14:36:25.3NZ,200,0.010584,success
2026-08-27T14:36:25.3NZ,200,0.011018,success
2026-08-27T14:36:25.3NZ,200,0.012588,success
2026-08-27T14:36:25.3NZ,200,0.011965,success
2026-08-27T14:36:25.3NZ,200,0.011444,success
2026-08-27T14:36:25.3NZ,200,0.014070,success
2026-08-27T14:36:25.3NZ,200,0.008013,success
2026-08-27T14:36:26.3NZ,200,0.010659,success
2026-08-27T14:36:26.3NZ,200,0.009966,success
2026-08-27T14:36:26.3NZ,200,0.010460,success
2026-08-27T14:36:26.3NZ,200,0.009900,success
2026-08-27T14:36:26.3NZ,200,0.011136,success
2026-08-27T14:36:26.3NZ,200,0.010416,success
2026-08-27T14:36:27.3NZ,200,0.008108,success
2026-08-27T14:36:27.3NZ,200,0.011516,success
2026-08-27T14:36:27.3NZ,200,0.008046,success
2026-08-27T14:36:27.3NZ,200,0.014683,success
2026-08-27T14:36:27.3NZ,200,0.005046,success
2026-08-27T14:36:27.3NZ,200,0.004554,success
2026-08-27T14:36:27.3NZ,200,0.007161,success
2026-08-27T14:36:28.3NZ,200,0.008055,success
2026-08-27T14:36:28.3NZ,200,0.009123,success
2026-08-27T14:36:28.3NZ,200,0.011673,success
2026-08-27T14:36:28.3NZ,200,0.012367,success
2026-08-27T14:36:28.3NZ,200,0.010966,success
2026-08-27T14:36:28.3NZ,200,0.010235,success
2026-08-27T14:36:28.3NZ,200,0.010627,success
2026-08-27T14:36:29.3NZ,200,0.012201,success
2026-08-27T14:36:29.3NZ,200,0.005156,success
2026-08-27T14:36:29.3NZ,200,0.006832,success
2026-08-27T14:36:29.3NZ,200,0.007026,success
2026-08-27T14:36:29.3NZ,200,0.005108,success
2026-08-27T14:36:29.3NZ,200,0.005872,success
2026-08-27T14:36:29.3NZ,200,0.009870,success
2026-08-27T14:36:30.3NZ,200,0.009646,success
2026-08-27T14:36:30.3NZ,200,0.009168,success
2026-08-27T14:36:30.3NZ,200,0.015944,success
2026-08-27T14:36:30.3NZ,200,0.011599,success
2026-08-27T14:36:30.3NZ,200,0.008734,success
2026-08-27T14:36:30.3NZ,200,0.012003,success
2026-08-27T14:36:30.3NZ,200,0.012093,success
2026-08-27T14:36:31.3NZ,200,0.007655,success
2026-08-27T14:36:31.3NZ,200,0.009310,success
2026-08-27T14:36:31.3NZ,200,0.012380,success
2026-08-27T14:36:31.3NZ,200,0.009419,success
2026-08-27T14:36:31.3NZ,200,0.013932,success
2026-08-27T14:36:31.3NZ,200,0.009104,success
2026-08-27T14:36:32.3NZ,200,0.007230,success
2026-08-27T14:36:32.3NZ,200,0.008421,success
2026-08-27T14:36:32.3NZ,200,0.010220,success
2026-08-27T14:36:32.3NZ,200,0.009779,success
2026-08-27T14:36:32.3NZ,200,0.012795,success
2026-08-27T14:36:32.3NZ,200,0.012229,success
2026-08-27T14:36:32.3NZ,200,0.013039,success
2026-08-27T14:36:33.3NZ,200,0.008948,success
2026-08-27T14:36:33.3NZ,200,0.011229,success
2026-08-27T14:36:33.3NZ,200,0.009605,success
2026-08-27T14:36:33.3NZ,200,0.009144,success
2026-08-27T14:36:33.3NZ,200,0.009835,success
2026-08-27T14:36:33.3NZ,200,0.009139,success
2026-08-27T14:36:34.3NZ,200,0.009324,success
2026-08-27T14:36:34.3NZ,200,0.011615,success
2026-08-27T14:36:34.3NZ,200,0.010081,success
2026-08-27T14:36:34.3NZ,200,0.010233,success
2026-08-27T14:36:34.3NZ,200,0.012262,success
2026-08-27T14:36:34.3NZ,200,0.012689,success
2026-08-27T14:36:34.3NZ,200,0.008573,success
2026-08-27T14:36:35.3NZ,200,0.011057,success
2026-08-27T14:36:35.3NZ,200,0.013572,success
2026-08-27T14:36:35.3NZ,200,0.015612,success
2026-08-27T14:36:35.3NZ,200,0.010059,success
2026-08-27T14:36:35.3NZ,200,0.007084,success
2026-08-27T14:36:35.3NZ,200,0.009727,success
2026-08-27T14:36:36.3NZ,200,0.010182,success
2026-08-27T14:36:36.3NZ,200,0.009243,success
2026-08-27T14:36:36.3NZ,200,0.011177,success
2026-08-27T14:36:36.3NZ,200,0.011380,success
2026-08-27T14:36:36.3NZ,200,0.013249,success
2026-08-27T14:36:36.3NZ,200,0.013605,success
2026-08-27T14:36:36.3NZ,200,0.008310,success
2026-08-27T14:36:37.3NZ,200,0.009777,success
2026-08-27T14:36:37.3NZ,200,0.009545,success
2026-08-27T14:36:37.3NZ,200,0.014770,success
2026-08-27T14:36:37.3NZ,200,0.004432,success
2026-08-27T14:36:37.3NZ,200,0.004709,success
2026-08-27T14:36:37.3NZ,200,0.004195,success
2026-08-27T14:36:37.3NZ,200,0.006732,success
2026-08-27T14:36:38.3NZ,200,0.007120,success
2026-08-27T14:36:38.3NZ,200,0.008607,success
2026-08-27T14:36:38.3NZ,200,0.009770,success
2026-08-27T14:36:38.3NZ,200,0.008339,success
2026-08-27T14:36:38.3NZ,200,0.008828,success
2026-08-27T14:36:38.3NZ,200,0.012620,success
2026-08-27T14:36:39.3NZ,200,0.004334,success
2026-08-27T14:36:39.3NZ,200,0.004372,success
2026-08-27T14:36:39.3NZ,200,0.007384,success
2026-08-27T14:36:39.3NZ,200,0.004797,success
2026-08-27T14:36:39.3NZ,200,0.008500,success
2026-08-27T14:36:39.3NZ,200,0.004227,success
2026-08-27T14:36:39.3NZ,200,0.012456,success
2026-08-27T14:36:40.3NZ,200,0.006096,success
2026-08-27T14:36:40.3NZ,200,0.008666,success
2026-08-27T14:36:40.3NZ,200,0.015285,success
2026-08-27T14:36:40.3NZ,200,0.009529,success
2026-08-27T14:36:40.3NZ,200,0.011820,success
2026-08-27T14:36:40.3NZ,200,0.010927,success
2026-08-27T14:36:40.3NZ,200,0.009156,success
2026-08-27T14:36:41.3NZ,200,0.008199,success
2026-08-27T14:36:41.3NZ,200,0.008643,success
2026-08-27T14:36:41.3NZ,200,0.008972,success
2026-08-27T14:36:41.3NZ,200,0.010544,success
2026-08-27T14:36:41.3NZ,200,0.009370,success
2026-08-27T14:36:41.3NZ,200,0.012118,success
2026-08-27T14:36:41.3NZ,200,0.011482,success
2026-08-27T14:36:42.3NZ,200,0.006055,success
2026-08-27T14:36:42.3NZ,200,0.008770,success
2026-08-27T14:36:42.3NZ,200,0.011932,success
2026-08-27T14:36:42.3NZ,200,0.013473,success
2026-08-27T14:36:42.3NZ,200,0.008059,success
2026-08-27T14:36:42.3NZ,200,0.013391,success
2026-08-27T14:36:43.3NZ,200,0.008499,success
2026-08-27T14:36:43.3NZ,200,0.009280,success
2026-08-27T14:36:43.3NZ,200,0.009781,success
2026-08-27T14:36:43.3NZ,200,0.013440,success
2026-08-27T14:36:43.3NZ,200,0.012187,success
2026-08-27T14:36:43.3NZ,200,0.013426,success
2026-08-27T14:36:43.3NZ,200,0.005691,success
2026-08-27T14:36:44.3NZ,200,0.008269,success
2026-08-27T14:36:44.3NZ,200,0.010533,success
2026-08-27T14:36:44.3NZ,200,0.011198,success
2026-08-27T14:36:44.3NZ,200,0.008260,success
2026-08-27T14:36:44.3NZ,200,0.009882,success
2026-08-27T14:36:44.3NZ,200,0.014536,success
2026-08-27T14:36:45.3NZ,200,0.009485,success
2026-08-27T14:36:45.3NZ,200,0.010413,success
2026-08-27T14:36:45.3NZ,200,0.012201,success
2026-08-27T14:36:45.3NZ,200,0.013050,success
2026-08-27T14:36:45.3NZ,200,0.006694,success
2026-08-27T14:36:45.3NZ,200,0.010118,success
2026-08-27T14:36:45.3NZ,200,0.008543,success
2026-08-27T14:36:46.3NZ,200,0.010967,success
2026-08-27T14:36:46.3NZ,200,0.008281,success
2026-08-27T14:36:46.3NZ,200,0.009943,success
2026-08-27T14:36:46.3NZ,200,0.009638,success
2026-08-27T14:36:46.3NZ,200,0.012790,success
2026-08-27T14:36:46.3NZ,200,0.013056,success
2026-08-27T14:36:46.3NZ,200,0.012282,success
2026-08-27T14:36:47.3NZ,200,0.017895,success
2026-08-27T14:36:47.3NZ,200,0.006047,success
2026-08-27T14:36:47.3NZ,200,0.013131,success
2026-08-27T14:36:47.3NZ,200,0.007631,success
2026-08-27T14:36:47.3NZ,200,0.005211,success
2026-08-27T14:36:47.3NZ,200,0.006643,success
2026-08-27T14:36:47.3NZ,200,0.004614,success
2026-08-27T14:36:48.3NZ,200,0.006791,success
2026-08-27T14:36:48.3NZ,200,0.006759,success
2026-08-27T14:36:48.3NZ,200,0.010774,success
2026-08-27T14:36:48.3NZ,200,0.008381,success
2026-08-27T14:36:48.3NZ,200,0.009582,success
2026-08-27T14:36:48.3NZ,200,0.011837,success
2026-08-27T14:36:49.3NZ,200,0.009653,success
2026-08-27T14:36:49.3NZ,200,0.008905,success
2026-08-27T14:36:49.3NZ,200,0.012175,success
2026-08-27T14:36:49.3NZ,200,0.033945,success
2026-08-27T14:36:49.3NZ,200,0.018455,success
2026-08-27T14:36:49.3NZ,200,0.194989,success
2026-08-27T14:36:50.3NZ,200,0.005054,success
2026-08-27T14:36:50.3NZ,200,0.005610,success
2026-08-27T14:36:50.3NZ,200,0.004456,success
2026-08-27T14:36:50.3NZ,200,0.004697,success
2026-08-27T14:36:50.3NZ,200,0.008190,success
2026-08-27T14:36:50.3NZ,200,0.011380,success
2026-08-27T14:36:51.3NZ,200,0.012910,success
2026-08-27T14:36:51.3NZ,200,0.008239,success
2026-08-27T14:36:51.3NZ,200,0.010397,success
2026-08-27T14:36:51.3NZ,200,0.009573,success
2026-08-27T14:36:51.3NZ,200,0.007956,success
2026-08-27T14:36:51.3NZ,200,0.011793,success
2026-08-27T14:36:51.3NZ,200,0.009302,success
2026-08-27T14:36:52.3NZ,200,0.011867,success
2026-08-27T14:36:52.3NZ,200,0.012857,success
2026-08-27T14:36:52.3NZ,200,0.005030,success
2026-08-27T14:36:52.3NZ,200,0.007214,success
2026-08-27T14:36:52.3NZ,200,0.007414,success
2026-08-27T14:36:52.3NZ,200,0.007428,success
2026-08-27T14:36:53.3NZ,200,0.008353,success
2026-08-27T14:36:53.3NZ,200,0.008738,success
2026-08-27T14:36:53.3NZ,200,0.012783,success
2026-08-27T14:36:53.3NZ,200,0.009888,success
2026-08-27T14:36:53.3NZ,200,0.008068,success
2026-08-27T14:36:53.3NZ,200,0.007434,success
2026-08-27T14:36:53.3NZ,200,0.009233,success
2026-08-27T14:36:54.3NZ,200,0.009758,success
2026-08-27T14:36:54.3NZ,200,0.009009,success
2026-08-27T14:36:54.3NZ,200,0.009515,success
2026-08-27T14:36:54.3NZ,200,0.010235,success
2026-08-27T14:36:54.3NZ,200,0.008715,success
2026-08-27T14:36:54.3NZ,200,0.010794,success
2026-08-27T14:36:54.3NZ,200,0.010116,success
2026-08-27T14:36:55.3NZ,200,0.010128,success
2026-08-27T14:36:55.3NZ,200,0.007237,success
2026-08-27T14:36:55.3NZ,200,0.017805,success
2026-08-27T14:36:55.3NZ,200,0.009935,success
2026-08-27T14:36:55.3NZ,200,0.006188,success
2026-08-27T14:36:55.3NZ,200,0.012242,success
2026-08-27T14:36:56.3NZ,200,0.009201,success
2026-08-27T14:36:56.3NZ,200,0.011869,success
2026-08-27T14:36:56.3NZ,200,0.009781,success
2026-08-27T14:36:56.3NZ,200,0.008203,success
2026-08-27T14:36:56.3NZ,200,0.009449,success
2026-08-27T14:36:56.3NZ,200,0.010674,success
2026-08-27T14:36:56.3NZ,200,0.010901,success
2026-08-27T14:36:57.3NZ,200,0.013763,success
2026-08-27T14:36:57.3NZ,200,0.004926,success
2026-08-27T14:36:57.3NZ,200,0.004922,success
2026-08-27T14:36:57.3NZ,200,0.007719,success
2026-08-27T14:36:57.3NZ,200,0.007369,success
2026-08-27T14:36:57.3NZ,200,0.015052,success
2026-08-27T14:36:58.3NZ,200,0.008635,success
2026-08-27T14:36:58.3NZ,200,0.006220,success
2026-08-27T14:36:58.3NZ,200,0.007709,success
2026-08-27T14:36:58.3NZ,200,0.007872,success
2026-08-27T14:36:58.3NZ,200,0.007778,success
2026-08-27T14:36:58.3NZ,200,0.010807,success
2026-08-27T14:36:58.3NZ,200,0.014225,success
2026-08-27T14:36:59.3NZ,200,0.011069,success
2026-08-27T14:36:59.3NZ,200,0.008578,success
2026-08-27T14:36:59.3NZ,200,0.011355,success
2026-08-27T14:36:59.3NZ,200,0.008633,success
2026-08-27T14:36:59.3NZ,200,0.006500,success
2026-08-27T14:36:59.3NZ,200,0.006625,success
2026-08-27T14:36:59.3NZ,200,0.009107,success
2026-08-27T14:37:00.3NZ,200,0.212351,success
2026-08-27T14:37:00.3NZ,200,0.005808,success
2026-08-27T14:37:00.3NZ,200,0.008361,success
2026-08-27T14:37:00.3NZ,200,0.006678,success
2026-08-27T14:37:00.3NZ,200,0.004772,success
2026-08-27T14:37:01.3NZ,200,0.004997,success
2026-08-27T14:37:01.3NZ,200,0.013491,success
2026-08-27T14:37:01.3NZ,200,0.014272,success
2026-08-27T14:37:01.3NZ,200,0.011176,success
2026-08-27T14:37:01.3NZ,200,0.005831,success
2026-08-27T14:37:01.3NZ,200,0.017342,success
2026-08-27T14:37:02.3NZ,200,0.009892,success
2026-08-27T14:37:02.3NZ,200,0.015686,success
2026-08-27T14:37:02.3NZ,200,0.007444,success
2026-08-27T14:37:02.3NZ,200,0.005077,success
2026-08-27T14:37:02.3NZ,200,0.007651,success
2026-08-27T14:37:02.3NZ,200,0.006491,success
2026-08-27T14:37:02.3NZ,200,0.010002,success
2026-08-27T14:37:03.3NZ,200,0.005755,success
2026-08-27T14:37:03.3NZ,200,0.004698,success
2026-08-27T14:37:03.3NZ,200,0.005702,success
2026-08-27T14:37:03.3NZ,200,0.007590,success
2026-08-27T14:37:03.3NZ,200,0.005540,success
2026-08-27T14:37:03.3NZ,200,0.008847,success
2026-08-27T14:37:03.3NZ,200,0.013491,success
2026-08-27T14:37:04.3NZ,200,0.011362,success
2026-08-27T14:37:04.3NZ,200,0.005938,success
2026-08-27T14:37:04.3NZ,200,0.009717,success
2026-08-27T14:37:04.3NZ,200,0.011837,success
2026-08-27T14:37:04.3NZ,200,0.008919,success
2026-08-27T14:37:04.3NZ,200,0.008000,success
2026-08-27T14:37:04.3NZ,200,0.006701,success
2026-08-27T14:37:05.3NZ,200,0.006942,success
2026-08-27T14:37:05.3NZ,200,0.009990,success
2026-08-27T14:37:05.3NZ,200,0.013868,success
2026-08-27T14:37:05.3NZ,200,0.009184,success
2026-08-27T14:37:05.3NZ,200,0.014159,success
2026-08-27T14:37:05.3NZ,200,0.009837,success
2026-08-27T14:37:05.3NZ,200,0.026404,success
2026-08-27T14:37:06.3NZ,200,0.005814,success
2026-08-27T14:37:06.3NZ,200,0.006004,success
2026-08-27T14:37:06.3NZ,200,0.004256,success
2026-08-27T14:37:06.3NZ,200,0.009038,success
2026-08-27T14:37:06.3NZ,200,0.029593,success
2026-08-27T14:37:06.3NZ,200,0.012844,success
2026-08-27T14:37:07.3NZ,200,0.098290,success
2026-08-27T14:37:07.3NZ,200,0.036082,success
2026-08-27T14:37:07.3NZ,200,0.035616,success
2026-08-27T14:37:07.3NZ,200,0.005256,success
2026-08-27T14:37:07.3NZ,200,0.004618,success
2026-08-27T14:37:08.3NZ,200,0.006632,success
2026-08-27T14:37:08.3NZ,200,0.009898,success
2026-08-27T14:37:08.3NZ,200,0.005459,success
2026-08-27T14:37:08.3NZ,200,0.005864,success
2026-08-27T14:37:08.3NZ,200,0.005737,success
2026-08-27T14:37:08.3NZ,200,0.008044,success
2026-08-27T14:37:08.3NZ,200,0.009737,success
2026-08-27T14:37:08.3NZ,200,0.010661,success
2026-08-27T14:37:09.3NZ,200,0.009779,success
2026-08-27T14:37:09.3NZ,200,0.007736,success
2026-08-27T14:37:09.3NZ,200,0.010324,success
2026-08-27T14:37:09.3NZ,200,0.009568,success
2026-08-27T14:37:09.3NZ,200,0.016116,success
2026-08-27T14:37:09.3NZ,200,0.005312,success
2026-08-27T14:37:10.3NZ,200,0.005151,success
2026-08-27T14:37:10.3NZ,200,0.004467,success
2026-08-27T14:37:10.3NZ,200,0.007824,success
2026-08-27T14:37:10.3NZ,200,0.008685,success
2026-08-27T14:37:10.3NZ,200,0.006882,success
2026-08-27T14:37:10.3NZ,200,0.007391,success
2026-08-27T14:37:10.3NZ,200,0.004267,success
2026-08-27T14:37:11.3NZ,200,0.006415,success
2026-08-27T14:37:11.3NZ,200,0.008251,success
2026-08-27T14:37:11.3NZ,200,0.007942,success
2026-08-27T14:37:11.3NZ,200,0.010533,success
2026-08-27T14:37:11.3NZ,200,0.009879,success
2026-08-27T14:37:11.3NZ,200,0.010754,success
2026-08-27T14:37:11.3NZ,200,0.009056,success
2026-08-27T14:37:12.3NZ,200,0.007374,success
2026-08-27T14:37:12.3NZ,200,0.008021,success
2026-08-27T14:37:12.3NZ,200,0.007783,success
2026-08-27T14:37:12.3NZ,200,0.008472,success
2026-08-27T14:37:12.3NZ,200,0.009932,success
2026-08-27T14:37:12.3NZ,200,0.005060,success
2026-08-27T14:37:12.3NZ,200,0.006057,success
2026-08-27T14:37:13.3NZ,200,0.006817,success
2026-08-27T14:37:13.3NZ,200,0.009438,success
2026-08-27T14:37:13.3NZ,200,0.005886,success
2026-08-27T14:37:13.3NZ,200,0.010320,success
2026-08-27T14:37:13.3NZ,200,0.011716,success
2026-08-27T14:37:13.3NZ,200,0.010592,success
2026-08-27T14:37:13.3NZ,200,0.008255,success
2026-08-27T14:37:14.3NZ,200,0.011325,success
2026-08-27T14:37:14.3NZ,200,0.009342,success
2026-08-27T14:37:14.3NZ,200,0.011813,success
2026-08-27T14:37:14.3NZ,200,0.009582,success
2026-08-27T14:37:14.3NZ,200,0.011389,success
2026-08-27T14:37:14.3NZ,200,0.013049,success
2026-08-27T14:37:14.3NZ,200,0.008537,success
2026-08-27T14:37:15.3NZ,200,0.011714,success
2026-08-27T14:37:15.3NZ,200,0.009594,success
2026-08-27T14:37:15.3NZ,200,0.010783,success
2026-08-27T14:37:15.3NZ,200,0.019067,success
2026-08-27T14:37:15.3NZ,200,0.005487,success
2026-08-27T14:37:15.3NZ,200,0.005460,success
2026-08-27T14:37:16.3NZ,200,0.009549,success
2026-08-27T14:37:16.3NZ,200,0.005606,success
2026-08-27T14:37:16.3NZ,200,0.006431,success
2026-08-27T14:37:16.3NZ,200,0.009809,success
2026-08-27T14:37:16.3NZ,200,0.006076,success
2026-08-27T14:37:16.3NZ,200,0.011238,success
2026-08-27T14:37:16.3NZ,200,0.012424,success
2026-08-27T14:37:17.3NZ,200,0.009277,success
2026-08-27T14:37:17.3NZ,200,0.008875,success
2026-08-27T14:37:17.3NZ,200,0.005348,success
2026-08-27T14:37:17.3NZ,200,0.007200,success
2026-08-27T14:37:17.3NZ,200,0.008609,success
2026-08-27T14:37:17.3NZ,200,0.004825,success
2026-08-27T14:37:17.3NZ,200,0.005672,success
2026-08-27T14:37:18.3NZ,200,0.007523,success
2026-08-27T14:37:18.3NZ,200,0.008453,success
2026-08-27T14:37:18.3NZ,200,0.012924,success
2026-08-27T14:37:18.3NZ,200,0.007880,success
2026-08-27T14:37:18.3NZ,200,0.006359,success
2026-08-27T14:37:18.3NZ,200,0.006697,success
2026-08-27T14:37:18.3NZ,200,0.008824,success
2026-08-27T14:37:19.3NZ,200,0.008101,success
2026-08-27T14:37:19.3NZ,200,0.009619,success
2026-08-27T14:37:19.3NZ,200,0.010176,success
2026-08-27T14:37:19.3NZ,200,0.007687,success
2026-08-27T14:37:19.3NZ,200,0.005745,success
2026-08-27T14:37:19.3NZ,200,0.008562,success
2026-08-27T14:37:19.3NZ,200,0.009061,success
2026-08-27T14:37:20.3NZ,200,0.010740,success
2026-08-27T14:37:20.3NZ,200,0.008669,success
2026-08-27T14:37:20.3NZ,200,0.022157,success
2026-08-27T14:37:20.3NZ,200,0.007833,success
2026-08-27T14:37:20.3NZ,200,0.008939,success
2026-08-27T14:37:20.3NZ,200,0.009400,success
2026-08-27T14:37:21.3NZ,200,0.006703,success
2026-08-27T14:37:21.3NZ,200,0.005414,success
2026-08-27T14:37:21.3NZ,200,0.007288,success
2026-08-27T14:37:21.3NZ,200,0.011099,success
2026-08-27T14:37:21.3NZ,200,0.011032,success
2026-08-27T14:37:21.3NZ,200,0.011288,success
2026-08-27T14:37:21.3NZ,200,0.007046,success
2026-08-27T14:37:22.3NZ,200,0.009118,success
2026-08-27T14:37:22.3NZ,200,0.008568,success
2026-08-27T14:37:22.3NZ,200,0.005119,success
2026-08-27T14:37:22.3NZ,200,0.006043,success
2026-08-27T14:37:22.3NZ,200,0.035329,success
2026-08-27T14:37:22.3NZ,200,0.007508,success
2026-08-27T14:37:22.3NZ,200,0.008843,success
2026-08-27T14:37:23.3NZ,200,0.010403,success
2026-08-27T14:37:23.3NZ,200,0.011671,success
2026-08-27T14:37:23.3NZ,200,0.010369,success
2026-08-27T14:37:23.3NZ,200,0.010308,success
2026-08-27T14:37:23.3NZ,200,0.009854,success
2026-08-27T14:37:23.3NZ,200,0.008778,success
2026-08-27T14:37:24.3NZ,200,0.010979,success
2026-08-27T14:37:24.3NZ,200,0.010067,success
2026-08-27T14:37:24.3NZ,200,0.008448,success
2026-08-27T14:37:24.3NZ,200,0.010047,success
2026-08-27T14:37:24.3NZ,200,0.013018,success
2026-08-27T14:37:24.3NZ,200,0.008194,success
2026-08-27T14:37:24.3NZ,200,0.010304,success
2026-08-27T14:37:25.3NZ,200,0.010553,success
2026-08-27T14:37:25.3NZ,200,0.010734,success
2026-08-27T14:37:25.3NZ,200,0.009476,success
2026-08-27T14:37:25.3NZ,200,0.008901,success
2026-08-27T14:37:25.3NZ,200,0.007849,success
2026-08-27T14:37:25.3NZ,200,0.009417,success
2026-08-27T14:37:25.3NZ,200,0.012903,success
2026-08-27T14:37:26.3NZ,200,0.005709,success
2026-08-27T14:37:26.3NZ,200,0.005553,success
2026-08-27T14:37:26.3NZ,200,0.010717,success
2026-08-27T14:37:26.3NZ,200,0.010638,success
2026-08-27T14:37:26.3NZ,200,0.014106,success
2026-08-27T14:37:26.3NZ,200,0.006078,success
2026-08-27T14:37:27.3NZ,200,0.009802,success
2026-08-27T14:37:27.3NZ,200,0.016855,success
2026-08-27T14:37:27.3NZ,200,0.006284,success
2026-08-27T14:37:27.3NZ,200,0.005821,success
2026-08-27T14:37:27.3NZ,200,0.005452,success
2026-08-27T14:37:27.3NZ,200,0.004687,success
2026-08-27T14:37:27.3NZ,200,0.007927,success
2026-08-27T14:37:28.3NZ,200,0.008036,success
2026-08-27T14:37:28.3NZ,200,0.011278,success
2026-08-27T14:37:28.3NZ,200,0.008432,success
2026-08-27T14:37:28.3NZ,200,0.008103,success
2026-08-27T14:37:28.3NZ,200,0.007912,success
2026-08-27T14:37:28.3NZ,200,0.004416,success
2026-08-27T14:37:28.3NZ,200,0.004716,success
2026-08-27T14:37:29.3NZ,200,0.006023,success
2026-08-27T14:37:29.3NZ,200,0.005494,success
2026-08-27T14:37:29.3NZ,200,0.009261,success
2026-08-27T14:37:29.3NZ,200,0.008113,success
2026-08-27T14:37:29.3NZ,200,0.006368,success
2026-08-27T14:37:29.3NZ,200,0.005877,success
2026-08-27T14:37:30.3NZ,200,0.008376,success
2026-08-27T14:37:30.3NZ,200,0.008430,success
2026-08-27T14:37:30.3NZ,200,0.010116,success
2026-08-27T14:37:30.3NZ,200,0.006954,success
2026-08-27T14:37:30.3NZ,200,0.007979,success
2026-08-27T14:37:30.3NZ,200,0.010164,success
2026-08-27T14:37:30.3NZ,200,0.008627,success
2026-08-27T14:37:31.3NZ,200,0.010176,success
2026-08-27T14:37:31.3NZ,200,0.006626,success
2026-08-27T14:37:31.3NZ,200,0.004788,success
2026-08-27T14:37:31.3NZ,200,0.005977,success
2026-08-27T14:37:31.3NZ,200,0.010091,success
2026-08-27T14:37:31.3NZ,200,0.007623,success
2026-08-27T14:37:31.3NZ,200,0.010911,success
2026-08-27T14:37:32.3NZ,200,0.009356,success
2026-08-27T14:37:32.3NZ,200,0.008429,success
2026-08-27T14:37:32.3NZ,200,0.008986,success
2026-08-27T14:37:32.3NZ,200,0.009824,success
2026-08-27T14:37:32.3NZ,200,0.010367,success
2026-08-27T14:37:32.3NZ,200,0.009081,success
2026-08-27T14:37:32.3NZ,200,0.006655,success
2026-08-27T14:37:33.3NZ,200,0.006480,success
2026-08-27T14:37:33.3NZ,200,0.008753,success
2026-08-27T14:37:33.3NZ,200,0.011955,success
2026-08-27T14:37:33.3NZ,200,0.007852,success
2026-08-27T14:37:33.3NZ,200,0.005996,success
2026-08-27T14:37:33.3NZ,200,0.008792,success
2026-08-27T14:37:34.3NZ,200,0.010303,success
2026-08-27T14:37:34.3NZ,200,0.012019,success
2026-08-27T14:37:34.3NZ,200,0.006484,success
2026-08-27T14:37:34.3NZ,200,0.011935,success
2026-08-27T14:37:34.3NZ,200,0.018261,success
2026-08-27T14:37:34.3NZ,200,0.010669,success
2026-08-27T14:37:35.3NZ,200,0.005828,success
2026-08-27T14:37:35.3NZ,200,0.004938,success
2026-08-27T14:37:35.3NZ,200,0.008190,success
2026-08-27T14:37:35.3NZ,200,0.009912,success
2026-08-27T14:37:35.3NZ,200,0.018379,success
2026-08-27T14:37:35.3NZ,200,0.007808,success
2026-08-27T14:37:35.3NZ,200,0.009328,success
2026-08-27T14:37:36.3NZ,200,0.010534,success
2026-08-27T14:37:36.3NZ,200,0.010765,success
2026-08-27T14:37:36.3NZ,200,0.005275,success
2026-08-27T14:37:36.3NZ,200,0.012040,success
2026-08-27T14:37:36.3NZ,200,0.009984,success
2026-08-27T14:37:36.3NZ,200,0.006345,success
2026-08-27T14:37:36.3NZ,200,0.006507,success
2026-08-27T14:37:37.3NZ,200,0.005249,success
2026-08-27T14:37:37.3NZ,200,0.006227,success
2026-08-27T14:37:37.3NZ,200,0.007219,success
2026-08-27T14:37:37.3NZ,200,0.006915,success
2026-08-27T14:37:37.3NZ,200,0.007145,success
2026-08-27T14:37:37.3NZ,200,0.007285,success
2026-08-27T14:37:37.3NZ,200,0.007959,success
2026-08-27T14:37:38.3NZ,200,0.009199,success
2026-08-27T14:37:38.3NZ,200,0.007926,success
2026-08-27T14:37:38.3NZ,200,0.006959,success
2026-08-27T14:37:38.3NZ,200,0.009321,success
2026-08-27T14:37:38.3NZ,200,0.008633,success
2026-08-27T14:37:38.3NZ,200,0.007691,success
2026-08-27T14:37:38.3NZ,200,0.007917,success
2026-08-27T14:37:39.3NZ,200,0.004198,success
2026-08-27T14:37:39.3NZ,200,0.008695,success
2026-08-27T14:37:39.3NZ,200,0.133169,success
2026-08-27T14:37:39.3NZ,200,0.016907,success
2026-08-27T14:37:39.3NZ,200,0.004907,success
2026-08-27T14:37:40.3NZ,200,0.004449,success
2026-08-27T14:37:40.3NZ,200,0.004176,success
2026-08-27T14:37:40.3NZ,200,0.004619,success
2026-08-27T14:37:40.3NZ,200,0.012604,success
2026-08-27T14:37:40.3NZ,200,0.006456,success
2026-08-27T14:37:40.3NZ,200,0.005433,success
2026-08-27T14:37:40.3NZ,200,0.005811,success
2026-08-27T14:37:41.3NZ,200,0.006233,success
2026-08-27T14:37:41.3NZ,200,0.005665,success
2026-08-27T14:37:41.3NZ,200,0.005932,success
2026-08-27T14:37:41.3NZ,200,0.007400,success
2026-08-27T14:37:41.3NZ,200,0.004991,success
2026-08-27T14:37:41.3NZ,200,0.004685,success
2026-08-27T14:37:41.3NZ,200,0.016557,success
2026-08-27T14:37:41.3NZ,200,0.006630,success
2026-08-27T14:37:42.3NZ,200,0.009398,success
2026-08-27T14:37:42.3NZ,200,0.006658,success
2026-08-27T14:37:42.3NZ,200,0.004831,success
2026-08-27T14:37:42.3NZ,200,0.008048,success
2026-08-27T14:37:42.3NZ,200,0.008798,success
2026-08-27T14:37:42.3NZ,200,0.007951,success
2026-08-27T14:37:43.3NZ,200,0.008514,success
2026-08-27T14:37:43.3NZ,200,0.007323,success
2026-08-27T14:37:43.3NZ,200,0.005360,success
2026-08-27T14:37:43.3NZ,200,0.006515,success
2026-08-27T14:37:43.3NZ,200,0.008713,success
2026-08-27T14:37:43.3NZ,200,0.007715,success
2026-08-27T14:37:43.3NZ,200,0.007618,success
2026-08-27T14:37:44.3NZ,200,0.006926,success
2026-08-27T14:37:44.3NZ,200,0.007005,success
2026-08-27T14:37:44.3NZ,200,0.008933,success
2026-08-27T14:37:44.3NZ,200,0.009489,success
2026-08-27T14:37:44.3NZ,200,0.009431,success
2026-08-27T14:37:44.3NZ,200,0.012444,success
2026-08-27T14:37:44.3NZ,200,0.008431,success
2026-08-27T14:37:45.3NZ,200,0.009314,success
2026-08-27T14:37:45.3NZ,200,0.011133,success
2026-08-27T14:37:45.3NZ,200,0.012333,success
2026-08-27T14:37:45.3NZ,200,0.011025,success
2026-08-27T14:37:45.3NZ,200,0.024660,success
2026-08-27T14:37:45.3NZ,200,0.009911,success
2026-08-27T14:37:46.3NZ,200,0.011732,success
2026-08-27T14:37:46.3NZ,200,0.007050,success
2026-08-27T14:37:46.3NZ,200,0.009461,success
2026-08-27T14:37:46.3NZ,200,0.008689,success
2026-08-27T14:37:46.3NZ,200,0.009046,success
2026-08-27T14:37:46.3NZ,200,0.007804,success
2026-08-27T14:37:46.3NZ,200,0.007987,success
2026-08-27T14:37:47.3NZ,200,0.011145,success
2026-08-27T14:37:47.3NZ,200,0.007451,success
2026-08-27T14:37:47.3NZ,200,0.012328,success
2026-08-27T14:37:47.3NZ,200,0.006427,success
2026-08-27T14:37:47.3NZ,200,0.007763,success
2026-08-27T14:37:47.3NZ,200,0.004613,success
2026-08-27T14:37:47.3NZ,200,0.005480,success
2026-08-27T14:37:48.3NZ,200,0.007831,success
2026-08-27T14:37:48.3NZ,200,0.006032,success
2026-08-27T14:37:48.3NZ,200,0.009845,success
2026-08-27T14:37:48.3NZ,200,0.010616,success
2026-08-27T14:37:48.3NZ,200,0.009344,success
2026-08-27T14:37:48.3NZ,200,0.009887,success
2026-08-27T14:37:49.3NZ,200,0.006020,success
2026-08-27T14:37:49.3NZ,200,0.004831,success
2026-08-27T14:37:49.3NZ,200,0.006721,success
2026-08-27T14:37:49.3NZ,200,0.010942,success
2026-08-27T14:37:49.3NZ,200,0.008489,success
2026-08-27T14:37:49.3NZ,200,0.007843,success
2026-08-27T14:37:50.3NZ,200,0.009851,success
2026-08-27T14:37:50.3NZ,200,0.010773,success
2026-08-27T14:37:50.3NZ,200,0.009852,success
2026-08-27T14:37:50.3NZ,200,0.012926,success
2026-08-27T14:37:50.3NZ,200,0.006505,success
2026-08-27T14:37:50.3NZ,200,0.005999,success
2026-08-27T14:37:50.3NZ,200,0.009025,success
2026-08-27T14:37:51.3NZ,200,0.006579,success
2026-08-27T14:37:51.3NZ,200,0.008338,success
2026-08-27T14:37:51.3NZ,200,0.011439,success
2026-08-27T14:37:51.3NZ,200,0.008117,success
2026-08-27T14:37:51.3NZ,200,0.006070,success
2026-08-27T14:37:51.3NZ,200,0.005649,success
2026-08-27T14:37:51.3NZ,200,0.005960,success
2026-08-27T14:37:52.3NZ,200,0.005144,success
2026-08-27T14:37:52.3NZ,200,0.004761,success
2026-08-27T14:37:52.3NZ,200,0.007418,success
2026-08-27T14:37:52.3NZ,200,0.006156,success
2026-08-27T14:37:52.3NZ,200,0.005802,success
2026-08-27T14:37:52.3NZ,200,0.010400,success
2026-08-27T14:37:52.3NZ,200,0.007460,success
2026-08-27T14:37:53.3NZ,200,0.008363,success
2026-08-27T14:37:53.3NZ,200,0.006528,success
2026-08-27T14:37:53.3NZ,200,0.006717,success
2026-08-27T14:37:53.3NZ,200,0.006745,success
2026-08-27T14:37:53.3NZ,200,0.008247,success
2026-08-27T14:37:53.3NZ,200,0.005596,success
2026-08-27T14:37:53.3NZ,200,0.009189,success
2026-08-27T14:37:54.3NZ,200,0.010737,success
2026-08-27T14:37:54.3NZ,200,0.008329,success
2026-08-27T14:37:54.3NZ,200,0.006474,success
2026-08-27T14:37:54.3NZ,200,0.006060,success
2026-08-27T14:37:54.3NZ,200,0.009008,success
2026-08-27T14:37:54.3NZ,200,0.010341,success
2026-08-27T14:37:55.3NZ,200,0.009037,success
2026-08-27T14:37:55.3NZ,200,0.009158,success
2026-08-27T14:37:55.3NZ,200,0.006597,success
2026-08-27T14:37:55.3NZ,200,0.009443,success
2026-08-27T14:37:55.3NZ,200,0.010914,success
2026-08-27T14:37:55.3NZ,200,0.008929,success
2026-08-27T14:37:55.3NZ,200,0.011075,success
2026-08-27T14:37:56.3NZ,200,0.010753,success
2026-08-27T14:37:56.3NZ,200,0.009448,success
2026-08-27T14:37:56.3NZ,200,0.007560,success
2026-08-27T14:37:56.3NZ,200,0.008694,success
2026-08-27T14:37:56.3NZ,200,0.011042,success
2026-08-27T14:37:56.3NZ,200,0.010232,success
2026-08-27T14:37:56.3NZ,200,0.010004,success
2026-08-27T14:37:57.3NZ,200,0.009415,success
2026-08-27T14:37:57.3NZ,200,0.011046,success
2026-08-27T14:37:57.3NZ,200,0.008478,success
2026-08-27T14:37:57.3NZ,200,0.008080,success
2026-08-27T14:37:57.3NZ,200,0.009061,success
2026-08-27T14:37:57.3NZ,200,0.006198,success
2026-08-27T14:37:57.3NZ,200,0.007800,success
2026-08-27T14:37:58.3NZ,200,0.005949,success
2026-08-27T14:37:58.3NZ,200,0.008306,success
2026-08-27T14:37:58.3NZ,200,0.007735,success
2026-08-27T14:37:58.3NZ,200,0.008143,success
2026-08-27T14:37:58.3NZ,200,0.007555,success
2026-08-27T14:37:58.3NZ,200,0.011855,success
2026-08-27T14:37:58.3NZ,200,0.010169,success
2026-08-27T14:37:59.3NZ,200,0.008433,success
2026-08-27T14:37:59.3NZ,200,0.047960,success
2026-08-27T14:37:59.3NZ,200,0.005310,success
2026-08-27T14:37:59.3NZ,200,0.011002,success
2026-08-27T14:37:59.3NZ,200,0.004385,success
2026-08-27T14:37:59.3NZ,200,0.008782,success
2026-08-27T14:38:00.3NZ,200,0.008117,success
2026-08-27T14:38:00.3NZ,200,0.006841,success
2026-08-27T14:38:00.3NZ,200,0.011543,success
2026-08-27T14:38:00.3NZ,200,0.009296,success
2026-08-27T14:38:00.3NZ,200,0.009700,success
2026-08-27T14:38:00.3NZ,200,0.008303,success
2026-08-27T14:38:01.3NZ,200,0.007569,success
2026-08-27T14:38:01.3NZ,200,0.008047,success
2026-08-27T14:38:01.3NZ,200,0.006879,success
2026-08-27T14:38:01.3NZ,200,0.005055,success
2026-08-27T14:38:01.3NZ,200,0.005891,success
2026-08-27T14:38:01.3NZ,200,0.010512,success
2026-08-27T14:38:01.3NZ,200,0.008420,success
2026-08-27T14:38:02.3NZ,200,0.010505,success
2026-08-27T14:38:02.3NZ,200,0.007982,success
2026-08-27T14:38:02.3NZ,200,0.007961,success
2026-08-27T14:38:02.3NZ,200,0.007374,success
2026-08-27T14:38:02.3NZ,200,0.007198,success
2026-08-27T14:38:02.3NZ,200,0.005448,success
2026-08-27T14:38:02.3NZ,200,0.007034,success
2026-08-27T14:38:03.3NZ,200,0.005627,success
2026-08-27T14:38:03.3NZ,200,0.006151,success
2026-08-27T14:38:03.3NZ,200,0.007916,success
2026-08-27T14:38:03.3NZ,200,0.013564,success
2026-08-27T14:38:03.3NZ,200,0.008049,success
2026-08-27T14:38:03.3NZ,200,0.014280,success
2026-08-27T14:38:04.3NZ,200,0.007961,success
2026-08-27T14:38:04.3NZ,200,0.006554,success
2026-08-27T14:38:04.3NZ,200,0.009490,success
2026-08-27T14:38:04.3NZ,200,0.009771,success
2026-08-27T14:38:04.3NZ,200,0.008820,success
2026-08-27T14:38:04.3NZ,200,0.009983,success
2026-08-27T14:38:04.3NZ,200,0.009663,success
2026-08-27T14:38:05.3NZ,200,0.010644,success
2026-08-27T14:38:05.3NZ,200,0.009747,success
2026-08-27T14:38:05.3NZ,200,0.007686,success
2026-08-27T14:38:05.3NZ,200,0.011332,success
2026-08-27T14:38:05.3NZ,200,0.022621,success
2026-08-27T14:38:05.3NZ,200,0.011507,success
2026-08-27T14:38:05.3NZ,200,0.012764,success
2026-08-27T14:38:06.3NZ,200,0.010387,success
2026-08-27T14:38:06.3NZ,200,0.006764,success
2026-08-27T14:38:06.3NZ,200,0.007967,success
2026-08-27T14:38:06.3NZ,200,0.017566,success
2026-08-27T14:38:06.3NZ,200,0.006291,success
2026-08-27T14:38:06.3NZ,200,0.011329,success
2026-08-27T14:38:07.3NZ,200,0.010152,success
2026-08-27T14:38:07.3NZ,200,0.005803,success
2026-08-27T14:38:07.3NZ,200,0.007454,success
2026-08-27T14:38:07.3NZ,200,0.006321,success
2026-08-27T14:38:07.3NZ,200,0.005665,success
2026-08-27T14:38:07.3NZ,200,0.010674,success
2026-08-27T14:38:07.3NZ,200,0.006969,success
2026-08-27T14:38:08.3NZ,200,0.005916,success
2026-08-27T14:38:08.3NZ,200,0.005450,success
2026-08-27T14:38:08.3NZ,200,0.006487,success
2026-08-27T14:38:08.3NZ,200,0.010218,success
2026-08-27T14:38:08.3NZ,200,0.006618,success
2026-08-27T14:38:08.3NZ,200,0.007870,success
2026-08-27T14:38:08.3NZ,200,0.006243,success
2026-08-27T14:38:09.3NZ,200,0.008733,success
2026-08-27T14:38:09.3NZ,200,0.011399,success
2026-08-27T14:38:09.3NZ,200,0.010665,success
2026-08-27T14:38:09.3NZ,200,0.008186,success
2026-08-27T14:38:09.3NZ,200,0.009271,success
2026-08-27T14:38:09.3NZ,200,0.004414,success
2026-08-27T14:38:09.3NZ,200,0.006908,success
2026-08-27T14:38:10.3NZ,200,0.007451,success
2026-08-27T14:38:10.3NZ,200,0.011710,success
2026-08-27T14:38:10.3NZ,200,0.007001,success
2026-08-27T14:38:10.3NZ,200,0.005762,success
2026-08-27T14:38:10.3NZ,200,0.005158,success
2026-08-27T14:38:10.3NZ,200,0.006934,success
2026-08-27T14:38:10.3NZ,200,0.006971,success
2026-08-27T14:38:11.3NZ,200,0.007805,success
2026-08-27T14:38:11.3NZ,200,0.010555,success
2026-08-27T14:38:11.3NZ,200,0.010222,success
2026-08-27T14:38:11.3NZ,200,0.006786,success
2026-08-27T14:38:11.3NZ,200,0.007951,success
2026-08-27T14:38:11.3NZ,200,0.007391,success
2026-08-27T14:38:12.3NZ,200,0.008739,success
2026-08-27T14:38:12.3NZ,200,0.006049,success
2026-08-27T14:38:12.3NZ,200,0.005967,success
2026-08-27T14:38:12.3NZ,200,0.006164,success
2026-08-27T14:38:12.3NZ,200,0.004639,success
2026-08-27T14:38:12.3NZ,200,0.008742,success
2026-08-27T14:38:12.3NZ,200,0.007859,success
2026-08-27T14:38:13.3NZ,200,0.013173,success
2026-08-27T14:38:13.3NZ,200,0.005720,success
2026-08-27T14:38:13.3NZ,200,0.004850,success
2026-08-27T14:38:13.3NZ,200,0.006476,success
2026-08-27T14:38:13.3NZ,200,0.009034,success
2026-08-27T14:38:13.3NZ,200,0.004789,success
2026-08-27T14:38:13.3NZ,200,0.007000,success
2026-08-27T14:38:14.3NZ,200,0.005983,success
2026-08-27T14:38:14.3NZ,200,0.007299,success
2026-08-27T14:38:14.3NZ,200,0.013254,success
2026-08-27T14:38:14.3NZ,200,0.012425,success
2026-08-27T14:38:14.3NZ,200,0.008222,success
2026-08-27T14:38:14.3NZ,200,0.006953,success
2026-08-27T14:38:14.3NZ,200,0.004390,success
2026-08-27T14:38:15.3NZ,200,0.005742,success
2026-08-27T14:38:15.3NZ,200,0.009750,success
2026-08-27T14:38:15.3NZ,200,0.012266,success
2026-08-27T14:38:15.3NZ,200,0.012476,success
2026-08-27T14:38:15.3NZ,200,0.012637,success
2026-08-27T14:38:15.3NZ,200,0.013891,success
2026-08-27T14:38:15.3NZ,200,0.013815,success
2026-08-27T14:38:16.3NZ,200,0.010756,success
2026-08-27T14:38:16.3NZ,200,0.004154,success
2026-08-27T14:38:16.3NZ,200,0.009212,success
2026-08-27T14:38:16.3NZ,200,0.011931,success
2026-08-27T14:38:16.3NZ,200,0.009665,success
2026-08-27T14:38:16.3NZ,200,0.008103,success
2026-08-27T14:38:16.3NZ,200,0.011520,success
2026-08-27T14:38:17.3NZ,200,0.011748,success
2026-08-27T14:38:17.3NZ,200,0.005740,success
2026-08-27T14:38:17.3NZ,200,0.005011,success
2026-08-27T14:38:17.3NZ,200,0.010895,success
2026-08-27T14:38:17.3NZ,200,0.009644,success
2026-08-27T14:38:17.3NZ,200,0.006068,success
2026-08-27T14:38:17.3NZ,200,0.004339,success
2026-08-27T14:38:18.3NZ,200,0.007853,success
2026-08-27T14:38:18.3NZ,200,0.009069,success
2026-08-27T14:38:18.3NZ,200,0.011401,success
2026-08-27T14:38:18.3NZ,200,0.006617,success
2026-08-27T14:38:18.3NZ,200,0.006601,success
2026-08-27T14:38:18.3NZ,200,0.008046,success
2026-08-27T14:38:18.3NZ,200,0.006461,success
2026-08-27T14:38:19.3NZ,200,0.007440,success
2026-08-27T14:38:19.3NZ,200,0.008074,success
2026-08-27T14:38:19.3NZ,200,0.011532,success
2026-08-27T14:38:19.3NZ,200,0.010633,success
2026-08-27T14:38:19.3NZ,200,0.013277,success
2026-08-27T14:38:19.3NZ,200,0.006669,success
2026-08-27T14:38:19.3NZ,200,0.004898,success
2026-08-27T14:38:20.3NZ,200,0.007162,success
2026-08-27T14:38:20.3NZ,200,0.006034,success
2026-08-27T14:38:20.3NZ,200,0.004337,success
2026-08-27T14:38:20.3NZ,200,0.005642,success
2026-08-27T14:38:20.3NZ,200,0.006268,success
2026-08-27T14:38:20.3NZ,200,0.004720,success
2026-08-27T14:38:20.3NZ,200,0.006900,success
2026-08-27T14:38:21.3NZ,200,0.012680,success
2026-08-27T14:38:21.3NZ,200,0.010460,success
2026-08-27T14:38:21.3NZ,200,0.012410,success
2026-08-27T14:38:21.3NZ,200,0.021454,success
2026-08-27T14:38:21.3NZ,200,0.006815,success
2026-08-27T14:38:21.3NZ,200,0.007071,success
2026-08-27T14:38:22.3NZ,200,0.006699,success
2026-08-27T14:38:22.3NZ,200,0.007626,success
2026-08-27T14:38:22.3NZ,200,0.009333,success
2026-08-27T14:38:22.3NZ,200,0.004710,success
2026-08-27T14:38:22.3NZ,200,0.010447,success
2026-08-27T14:38:22.3NZ,200,0.007864,success
2026-08-27T14:38:22.3NZ,200,0.006104,success
2026-08-27T14:38:23.3NZ,200,0.004362,success
2026-08-27T14:38:23.3NZ,200,0.011936,success
2026-08-27T14:38:23.3NZ,200,0.006877,success
2026-08-27T14:38:23.3NZ,200,0.006214,success
2026-08-27T14:38:23.3NZ,200,0.009574,success
2026-08-27T14:38:23.3NZ,200,0.007650,success
2026-08-27T14:38:23.3NZ,200,0.006057,success
2026-08-27T14:38:24.3NZ,200,0.006776,success
2026-08-27T14:38:24.3NZ,200,0.009295,success
2026-08-27T14:38:24.3NZ,200,0.005234,success
2026-08-27T14:38:24.3NZ,200,0.014119,success
2026-08-27T14:38:24.3NZ,200,0.010604,success
2026-08-27T14:38:24.3NZ,200,0.017030,success
2026-08-27T14:38:24.3NZ,200,0.005667,success
2026-08-27T14:38:25.3NZ,200,0.007111,success
2026-08-27T14:38:25.3NZ,200,0.009250,success
2026-08-27T14:38:25.3NZ,200,0.012401,success
2026-08-27T14:38:25.3NZ,200,0.012991,success
2026-08-27T14:38:25.3NZ,200,0.012315,success
2026-08-27T14:38:25.3NZ,200,0.010143,success
2026-08-27T14:38:25.3NZ,200,0.011192,success
2026-08-27T14:38:26.3NZ,200,0.008289,success
2026-08-27T14:38:26.3NZ,200,0.006497,success
2026-08-27T14:38:26.3NZ,200,0.004464,success
2026-08-27T14:38:26.3NZ,200,0.006396,success
2026-08-27T14:38:26.3NZ,200,0.008639,success
2026-08-27T14:38:26.3NZ,200,0.007922,success
2026-08-27T14:38:26.3NZ,200,0.005583,success
2026-08-27T14:38:27.3NZ,200,0.012055,success
2026-08-27T14:38:27.3NZ,200,0.010779,success
2026-08-27T14:38:27.3NZ,200,0.007582,success
2026-08-27T14:38:27.3NZ,200,0.004240,success
2026-08-27T14:38:27.3NZ,200,0.007467,success
2026-08-27T14:38:27.3NZ,200,0.005437,success
2026-08-27T14:38:27.3NZ,200,0.009601,success
2026-08-27T14:38:28.3NZ,200,0.007259,success
2026-08-27T14:38:28.3NZ,200,0.006171,success
2026-08-27T14:38:28.3NZ,200,0.007161,success
2026-08-27T14:38:28.3NZ,200,0.007002,success
2026-08-27T14:38:28.3NZ,200,0.006759,success
2026-08-27T14:38:28.3NZ,200,0.007280,success
2026-08-27T14:38:28.3NZ,200,0.006589,success
2026-08-27T14:38:29.3NZ,200,0.011889,success
2026-08-27T14:38:29.3NZ,200,0.006189,success
2026-08-27T14:38:29.3NZ,200,0.006237,success
2026-08-27T14:38:29.3NZ,200,0.006156,success
2026-08-27T14:38:29.3NZ,200,0.041553,success
2026-08-27T14:38:29.3NZ,200,0.011869,success
2026-08-27T14:38:30.3NZ,200,0.008113,success
2026-08-27T14:38:30.3NZ,200,0.005547,success
2026-08-27T14:38:30.3NZ,200,0.007398,success
2026-08-27T14:38:30.3NZ,200,0.006910,success
2026-08-27T14:38:30.3NZ,200,0.007219,success
2026-08-27T14:38:30.3NZ,200,0.008680,success
2026-08-27T14:38:30.3NZ,200,0.006380,success
2026-08-27T14:38:31.3NZ,200,0.010208,success
2026-08-27T14:38:31.3NZ,200,0.006535,success
2026-08-27T14:38:31.3NZ,200,0.005203,success
2026-08-27T14:38:31.3NZ,200,0.004707,success
2026-08-27T14:38:31.3NZ,200,0.008500,success
2026-08-27T14:38:31.3NZ,200,0.007141,success
2026-08-27T14:38:31.3NZ,200,0.009674,success
2026-08-27T14:38:32.3NZ,200,0.004540,success
2026-08-27T14:38:32.3NZ,200,0.012684,success
2026-08-27T14:38:32.3NZ,200,0.005051,success
2026-08-27T14:38:32.3NZ,200,0.005575,success
2026-08-27T14:38:32.3NZ,200,0.007477,success
2026-08-27T14:38:32.3NZ,200,0.013833,success
2026-08-27T14:38:32.3NZ,200,0.005832,success
2026-08-27T14:38:33.3NZ,200,0.005701,success
2026-08-27T14:38:33.3NZ,200,0.006371,success
2026-08-27T14:38:33.3NZ,200,0.005286,success
2026-08-27T14:38:33.3NZ,200,0.004591,success
2026-08-27T14:38:33.3NZ,200,0.005175,success
2026-08-27T14:38:33.3NZ,200,0.005306,success
2026-08-27T14:38:33.3NZ,200,0.009475,success
2026-08-27T14:38:34.3NZ,200,0.010268,success
2026-08-27T14:38:34.3NZ,200,0.010884,success
2026-08-27T14:38:34.3NZ,200,0.005169,success
2026-08-27T14:38:34.3NZ,200,0.005868,success
2026-08-27T14:38:34.3NZ,200,0.005680,success
2026-08-27T14:38:34.3NZ,200,0.009586,success
2026-08-27T14:38:34.3NZ,200,0.006895,success
2026-08-27T14:38:35.3NZ,200,0.008412,success
2026-08-27T14:38:35.3NZ,200,0.009071,success
2026-08-27T14:38:35.3NZ,200,0.010567,success
2026-08-27T14:38:35.3NZ,200,0.013640,success
2026-08-27T14:38:35.3NZ,200,0.008876,success
2026-08-27T14:38:35.3NZ,200,0.005681,success
2026-08-27T14:38:35.3NZ,200,0.004643,success
2026-08-27T14:38:36.3NZ,200,0.006544,success
2026-08-27T14:38:36.3NZ,200,0.006721,success
2026-08-27T14:38:36.3NZ,200,0.008511,success
2026-08-27T14:38:36.3NZ,200,0.005136,success
2026-08-27T14:38:36.3NZ,200,0.007761,success
2026-08-27T14:38:36.3NZ,200,0.009478,success
2026-08-27T14:38:36.3NZ,200,0.007732,success
2026-08-27T14:38:37.3NZ,200,0.009694,success
2026-08-27T14:38:37.3NZ,200,0.010156,success
2026-08-27T14:38:37.3NZ,200,0.005925,success
2026-08-27T14:38:37.3NZ,200,0.004880,success
2026-08-27T14:38:37.3NZ,200,0.006542,success
2026-08-27T14:38:37.3NZ,200,0.005461,success
2026-08-27T14:38:37.3NZ,200,0.006299,success
2026-08-27T14:38:38.3NZ,200,0.007032,success
2026-08-27T14:38:38.3NZ,200,0.006260,success
2026-08-27T14:38:38.3NZ,200,0.006734,success
2026-08-27T14:38:38.3NZ,200,0.005344,success
2026-08-27T14:38:38.3NZ,200,0.005411,success
2026-08-27T14:38:38.3NZ,200,0.004982,success
2026-08-27T14:38:38.3NZ,200,0.004746,success
2026-08-27T14:38:38.3NZ,200,0.005120,success
2026-08-27T14:38:39.3NZ,200,0.005016,success
2026-08-27T14:38:39.3NZ,200,0.007583,success
2026-08-27T14:38:39.3NZ,200,0.006724,success
2026-08-27T14:38:39.3NZ,200,0.006038,success
2026-08-27T14:38:39.3NZ,200,0.005746,success
2026-08-27T14:38:39.3NZ,200,0.004313,success
2026-08-27T14:38:39.3NZ,200,0.006634,success
2026-08-27T14:38:40.3NZ,200,0.005955,success
2026-08-27T14:38:40.3NZ,200,0.005425,success
2026-08-27T14:38:40.3NZ,200,0.006540,success
2026-08-27T14:38:40.3NZ,200,0.006254,success
2026-08-27T14:38:40.3NZ,200,0.008691,success
2026-08-27T14:38:40.3NZ,200,0.004129,success
2026-08-27T14:38:40.3NZ,200,0.006810,success
2026-08-27T14:38:41.3NZ,200,0.007852,success
2026-08-27T14:38:41.3NZ,200,0.008767,success
2026-08-27T14:38:41.3NZ,200,0.011633,success
2026-08-27T14:38:41.3NZ,200,0.014290,success
2026-08-27T14:38:41.3NZ,200,0.008953,success
2026-08-27T14:38:41.3NZ,200,0.008601,success
2026-08-27T14:38:41.3NZ,200,0.014524,success
2026-08-27T14:38:42.3NZ,200,0.017912,success
2026-08-27T14:38:42.3NZ,200,0.007177,success
2026-08-27T14:38:42.3NZ,200,0.007873,success
2026-08-27T14:38:42.3NZ,200,0.009426,success
2026-08-27T14:38:42.3NZ,200,0.011487,success
2026-08-27T14:38:42.3NZ,200,0.041964,success
2026-08-27T14:38:43.3NZ,200,0.009510,success
2026-08-27T14:38:43.3NZ,200,0.005221,success
2026-08-27T14:38:43.3NZ,200,0.005144,success
2026-08-27T14:38:43.3NZ,200,0.004229,success
2026-08-27T14:38:43.3NZ,200,0.004981,success
2026-08-27T14:38:43.3NZ,200,0.007509,success
2026-08-27T14:38:43.3NZ,200,0.004403,success
2026-08-27T14:38:44.3NZ,200,0.009738,success
2026-08-27T14:38:44.3NZ,200,0.007131,success
2026-08-27T14:38:44.3NZ,200,0.006924,success
2026-08-27T14:38:44.3NZ,200,0.009553,success
2026-08-27T14:38:44.3NZ,200,0.009556,success
2026-08-27T14:38:44.3NZ,200,0.008776,success
2026-08-27T14:38:45.3NZ,200,0.007216,success
2026-08-27T14:38:45.3NZ,200,0.008329,success
2026-08-27T14:38:45.3NZ,200,0.008214,success
2026-08-27T14:38:45.3NZ,200,0.017203,success
2026-08-27T14:38:45.3NZ,200,0.007449,success
2026-08-27T14:38:45.3NZ,200,0.025357,success
2026-08-27T14:38:46.3NZ,200,0.033216,success
2026-08-27T14:38:46.3NZ,200,0.008433,success
2026-08-27T14:38:46.3NZ,200,0.004225,success
2026-08-27T14:38:46.3NZ,200,0.004367,success
2026-08-27T14:38:46.3NZ,200,0.007989,success
2026-08-27T14:38:46.3NZ,200,0.008572,success
2026-08-27T14:38:46.3NZ,200,0.006936,success
2026-08-27T14:38:47.3NZ,200,0.008580,success
2026-08-27T14:38:47.3NZ,200,0.008549,success
2026-08-27T14:38:47.3NZ,200,0.004934,success
2026-08-27T14:38:47.3NZ,200,0.005350,success
2026-08-27T14:38:47.3NZ,200,0.006243,success
2026-08-27T14:38:47.3NZ,200,0.005230,success
2026-08-27T14:38:47.3NZ,200,0.009472,success
2026-08-27T14:38:48.3NZ,200,0.006264,success
2026-08-27T14:38:48.3NZ,200,0.008038,success
2026-08-27T14:38:48.3NZ,200,0.007764,success
2026-08-27T14:38:48.3NZ,200,0.004502,success
2026-08-27T14:38:48.3NZ,200,0.006544,success
2026-08-27T14:38:48.3NZ,200,0.008623,success
2026-08-27T14:38:48.3NZ,200,0.009787,success
2026-08-27T14:38:49.3NZ,200,0.008740,success
2026-08-27T14:38:49.3NZ,200,0.008012,success
2026-08-27T14:38:49.3NZ,200,0.005506,success
2026-08-27T14:38:49.3NZ,200,0.004891,success
2026-08-27T14:38:49.3NZ,200,0.006080,success
2026-08-27T14:38:49.3NZ,200,0.005404,success
2026-08-27T14:38:49.3NZ,200,0.006344,success
2026-08-27T14:38:50.3NZ,200,0.006936,success
2026-08-27T14:38:50.3NZ,200,0.005875,success
2026-08-27T14:38:50.3NZ,200,0.006461,success
2026-08-27T14:38:50.3NZ,200,0.005332,success
2026-08-27T14:38:50.3NZ,200,0.007196,success
2026-08-27T14:38:50.3NZ,200,0.004841,success
2026-08-27T14:38:50.3NZ,200,0.005100,success
2026-08-27T14:38:51.3NZ,200,0.005476,success
2026-08-27T14:38:51.3NZ,200,0.004876,success
2026-08-27T14:38:51.3NZ,200,0.006700,success
2026-08-27T14:38:51.3NZ,200,0.007254,success
2026-08-27T14:38:51.3NZ,200,0.006166,success
2026-08-27T14:38:51.3NZ,200,0.005068,success
2026-08-27T14:38:51.3NZ,200,0.006092,success
2026-08-27T14:38:51.3NZ,200,0.006596,success
2026-08-27T14:38:52.3NZ,200,0.009643,success
2026-08-27T14:38:52.3NZ,200,0.012171,success
2026-08-27T14:38:52.3NZ,200,0.015155,success
2026-08-27T14:38:52.3NZ,200,0.006288,success
2026-08-27T14:38:52.3NZ,200,0.005411,success
2026-08-27T14:38:52.3NZ,200,0.006034,success
2026-08-27T14:38:52.3NZ,200,0.007014,success
2026-08-27T14:38:53.3NZ,200,0.007801,success
2026-08-27T14:38:53.3NZ,200,0.009412,success
2026-08-27T14:38:53.3NZ,200,0.011312,success
2026-08-27T14:38:53.3NZ,200,0.005127,success
2026-08-27T14:38:53.3NZ,200,0.003836,success
2026-08-27T14:38:53.3NZ,200,0.004624,success
2026-08-27T14:38:53.3NZ,200,0.003851,success
2026-08-27T14:38:54.3NZ,200,0.006283,success
2026-08-27T14:38:54.3NZ,200,0.005316,success
2026-08-27T14:38:54.3NZ,200,0.007019,success
2026-08-27T14:38:54.3NZ,200,0.009440,success
2026-08-27T14:38:54.3NZ,200,0.006567,success
2026-08-27T14:38:54.3NZ,200,0.009183,success
2026-08-27T14:38:54.3NZ,200,0.015465,success
2026-08-27T14:38:54.3NZ,200,0.008296,success
2026-08-27T14:38:55.3NZ,200,0.008445,success
2026-08-27T14:38:55.3NZ,200,0.008402,success
2026-08-27T14:38:55.3NZ,200,0.007164,success
2026-08-27T14:38:55.3NZ,200,0.007155,success
2026-08-27T14:38:55.3NZ,200,0.007758,success
2026-08-27T14:38:55.3NZ,200,0.005232,success
2026-08-27T14:38:56.3NZ,200,0.011482,success
2026-08-27T14:38:56.3NZ,200,0.005667,success
2026-08-27T14:38:56.3NZ,200,0.009480,success
2026-08-27T14:38:56.3NZ,200,0.012770,success
2026-08-27T14:38:56.3NZ,200,0.008651,success
2026-08-27T14:38:56.3NZ,200,0.007421,success
2026-08-27T14:38:56.3NZ,200,0.009643,success
2026-08-27T14:38:56.3NZ,200,0.008853,success
2026-08-27T14:38:57.3NZ,200,0.007902,success
2026-08-27T14:38:57.3NZ,200,0.006336,success
2026-08-27T14:38:57.3NZ,200,0.019535,success
2026-08-27T14:38:57.3NZ,200,0.004009,success
2026-08-27T14:38:57.3NZ,200,0.007897,success
2026-08-27T14:38:57.3NZ,200,0.010591,success
2026-08-27T14:38:58.3NZ,200,0.013933,success
2026-08-27T14:38:58.3NZ,200,0.005725,success
2026-08-27T14:38:58.3NZ,200,0.006165,success
2026-08-27T14:38:58.3NZ,200,0.009152,success
2026-08-27T14:38:58.3NZ,200,0.005334,success
2026-08-27T14:38:58.3NZ,200,0.008071,success
2026-08-27T14:38:58.3NZ,200,0.008914,success
2026-08-27T14:38:59.3NZ,200,0.006457,success
2026-08-27T14:38:59.3NZ,200,0.006553,success
2026-08-27T14:38:59.3NZ,200,0.008708,success
2026-08-27T14:38:59.3NZ,200,0.008727,success
2026-08-27T14:38:59.3NZ,200,0.005103,success
2026-08-27T14:38:59.3NZ,200,0.004437,success
2026-08-27T14:38:59.3NZ,200,0.006047,success
2026-08-27T14:39:00.3NZ,200,0.006457,success
2026-08-27T14:39:00.3NZ,200,0.006187,success
2026-08-27T14:39:00.3NZ,200,0.006036,success
2026-08-27T14:39:00.3NZ,200,0.005030,success
2026-08-27T14:39:00.3NZ,200,0.012957,success
2026-08-27T14:39:00.3NZ,200,0.033018,success
2026-08-27T14:39:01.3NZ,200,0.008694,success
2026-08-27T14:39:01.3NZ,200,0.003455,success
2026-08-27T14:39:01.3NZ,200,0.004756,success
2026-08-27T14:39:01.3NZ,200,0.007264,success
2026-08-27T14:39:01.3NZ,200,0.013529,success
2026-08-27T14:39:01.3NZ,200,0.008321,success
2026-08-27T14:39:01.3NZ,200,0.011153,success
2026-08-27T14:39:02.3NZ,200,0.007266,success
2026-08-27T14:39:02.3NZ,200,0.009362,success
2026-08-27T14:39:02.3NZ,200,0.008430,success
2026-08-27T14:39:02.3NZ,200,0.008626,success
2026-08-27T14:39:02.3NZ,200,0.012501,success
2026-08-27T14:39:02.3NZ,200,0.005286,success
2026-08-27T14:39:03.3NZ,200,0.006674,success
2026-08-27T14:39:03.3NZ,200,0.005507,success
2026-08-27T14:39:03.3NZ,200,0.007455,success
2026-08-27T14:39:03.3NZ,200,0.009102,success
2026-08-27T14:39:03.3NZ,200,0.005921,success
2026-08-27T14:39:03.3NZ,200,0.008964,success
2026-08-27T14:39:03.3NZ,200,0.006238,success
2026-08-27T14:39:04.3NZ,200,0.006203,success
2026-08-27T14:39:04.3NZ,200,0.004396,success
2026-08-27T14:39:04.3NZ,200,0.007523,success
2026-08-27T14:39:04.3NZ,200,0.006936,success
2026-08-27T14:39:04.3NZ,200,0.012796,success
2026-08-27T14:39:04.3NZ,200,0.010404,success
2026-08-27T14:39:04.3NZ,200,0.017071,success
2026-08-27T14:39:05.3NZ,200,0.006925,success
2026-08-27T14:39:05.3NZ,200,0.022691,success
2026-08-27T14:39:05.3NZ,200,0.005062,success
2026-08-27T14:39:05.3NZ,200,0.008688,success
2026-08-27T14:39:05.3NZ,200,0.005848,success
2026-08-27T14:39:05.3NZ,200,0.004742,success
2026-08-27T14:39:05.3NZ,200,0.007340,success
2026-08-27T14:39:06.3NZ,200,0.006828,success
2026-08-27T14:39:06.3NZ,200,0.009785,success
2026-08-27T14:39:06.3NZ,200,0.009841,success
2026-08-27T14:39:06.3NZ,200,0.007399,success
2026-08-27T14:39:06.3NZ,200,0.007757,success
2026-08-27T14:39:06.3NZ,200,0.008223,success
2026-08-27T14:39:07.3NZ,200,0.005597,success
2026-08-27T14:39:07.3NZ,200,0.006668,success
2026-08-27T14:39:07.3NZ,200,0.006643,success
2026-08-27T14:39:07.3NZ,200,0.006699,success
2026-08-27T14:39:07.3NZ,200,0.005974,success
2026-08-27T14:39:07.3NZ,200,0.006189,success
2026-08-27T14:39:07.3NZ,200,0.006276,success
2026-08-27T14:39:08.3NZ,200,0.005639,success
2026-08-27T14:39:08.3NZ,200,0.007784,success
2026-08-27T14:39:08.3NZ,200,0.004774,success
2026-08-27T14:39:08.3NZ,200,0.005719,success
2026-08-27T14:39:08.3NZ,200,0.005438,success
2026-08-27T14:39:08.3NZ,200,0.006196,success
2026-08-27T14:39:08.3NZ,200,0.005053,success
2026-08-27T14:39:09.3NZ,200,0.003929,success
2026-08-27T14:39:09.3NZ,200,0.004734,success
2026-08-27T14:39:09.3NZ,200,0.005259,success
2026-08-27T14:39:09.3NZ,200,0.008042,success
2026-08-27T14:39:09.3NZ,200,0.009291,success
2026-08-27T14:39:09.3NZ,200,0.005166,success
2026-08-27T14:39:09.3NZ,200,0.005696,success
2026-08-27T14:39:10.3NZ,200,0.005417,success
2026-08-27T14:39:10.3NZ,200,0.006817,success
2026-08-27T14:39:10.3NZ,200,0.008431,success
2026-08-27T14:39:10.3NZ,200,0.008188,success
2026-08-27T14:39:10.3NZ,200,0.009363,success
2026-08-27T14:39:10.3NZ,200,0.005548,success
2026-08-27T14:39:10.3NZ,200,0.005855,success
2026-08-27T14:39:10.3NZ,200,0.007986,success
2026-08-27T14:39:11.3NZ,200,0.005634,success
2026-08-27T14:39:11.3NZ,200,0.007429,success
2026-08-27T14:39:11.3NZ,200,0.006130,success
2026-08-27T14:39:11.3NZ,200,0.005072,success
2026-08-27T14:39:11.3NZ,200,0.008491,success
2026-08-27T14:39:11.3NZ,200,0.008770,success
2026-08-27T14:39:11.3NZ,200,0.009578,success
2026-08-27T14:39:12.3NZ,200,0.009949,success
2026-08-27T14:39:12.3NZ,200,0.008485,success
2026-08-27T14:39:12.3NZ,200,0.006108,success
2026-08-27T14:39:12.3NZ,200,0.009423,success
2026-08-27T14:39:12.3NZ,200,0.013263,success
2026-08-27T14:39:12.3NZ,200,0.011243,success
2026-08-27T14:39:13.3NZ,200,0.009808,success
2026-08-27T14:39:13.3NZ,200,0.008954,success
2026-08-27T14:39:13.3NZ,200,0.012311,success
2026-08-27T14:39:13.3NZ,200,0.011508,success
2026-08-27T14:39:13.3NZ,200,0.006611,success
2026-08-27T14:39:13.3NZ,200,0.009102,success
2026-08-27T14:39:13.3NZ,200,0.006474,success
2026-08-27T14:39:14.3NZ,200,0.006652,success
2026-08-27T14:39:14.3NZ,200,0.003469,success
2026-08-27T14:39:14.3NZ,200,0.009601,success
2026-08-27T14:39:14.3NZ,200,0.006948,success
2026-08-27T14:39:14.3NZ,200,0.008813,success
2026-08-27T14:39:14.3NZ,200,0.009578,success
2026-08-27T14:39:14.3NZ,200,0.009500,success
2026-08-27T14:39:15.3NZ,200,0.005385,success
2026-08-27T14:39:15.3NZ,200,0.009205,success
2026-08-27T14:39:15.3NZ,200,0.007330,success
2026-08-27T14:39:15.3NZ,200,0.013239,success
2026-08-27T14:39:15.3NZ,200,0.004956,success
2026-08-27T14:39:15.3NZ,200,0.005879,success
2026-08-27T14:39:15.3NZ,200,0.005413,success
2026-08-27T14:39:16.3NZ,200,0.009020,success
2026-08-27T14:39:16.3NZ,200,0.005103,success
2026-08-27T14:39:16.3NZ,200,0.007365,success
2026-08-27T14:39:16.3NZ,200,0.007754,success
2026-08-27T14:39:16.3NZ,200,0.007351,success
2026-08-27T14:39:16.3NZ,200,0.009218,success
2026-08-27T14:39:16.3NZ,200,0.011263,success
2026-08-27T14:39:16.3NZ,200,0.011483,success
2026-08-27T14:39:17.3NZ,200,0.014699,success
2026-08-27T14:39:17.3NZ,200,0.007233,success
2026-08-27T14:39:17.3NZ,200,0.007108,success
2026-08-27T14:39:17.3NZ,200,0.006282,success
2026-08-27T14:39:17.3NZ,200,0.005785,success
2026-08-27T14:39:17.3NZ,200,0.006468,success
2026-08-27T14:39:17.3NZ,200,0.004352,success
2026-08-27T14:39:18.3NZ,200,0.005675,success
2026-08-27T14:39:18.3NZ,200,0.007342,success
2026-08-27T14:39:18.3NZ,200,0.005174,success
2026-08-27T14:39:18.3NZ,200,0.006154,success
2026-08-27T14:39:18.3NZ,200,0.004718,success
2026-08-27T14:39:18.3NZ,200,0.005268,success
2026-08-27T14:39:18.3NZ,200,0.005381,success
2026-08-27T14:39:19.3NZ,200,0.004844,success
2026-08-27T14:39:19.3NZ,200,0.005230,success
2026-08-27T14:39:19.3NZ,200,0.010592,success
2026-08-27T14:39:19.3NZ,200,0.010267,success
2026-08-27T14:39:19.3NZ,200,0.010641,success
2026-08-27T14:39:19.3NZ,200,0.007101,success
2026-08-27T14:39:19.3NZ,200,0.006436,success
2026-08-27T14:39:20.3NZ,200,0.004687,success
2026-08-27T14:39:20.3NZ,200,0.007674,success
2026-08-27T14:39:20.3NZ,200,0.008848,success
2026-08-27T14:39:20.3NZ,200,0.011691,success
2026-08-27T14:39:20.3NZ,200,0.007721,success
2026-08-27T14:39:20.3NZ,200,0.012906,success
2026-08-27T14:39:20.3NZ,200,0.008150,success
2026-08-27T14:39:21.3NZ,200,0.006827,success
2026-08-27T14:39:21.3NZ,200,0.007561,success
2026-08-27T14:39:21.3NZ,200,0.007999,success
2026-08-27T14:39:21.3NZ,200,0.005471,success
2026-08-27T14:39:21.3NZ,200,0.005144,success
2026-08-27T14:39:21.3NZ,200,0.008373,success
2026-08-27T14:39:21.3NZ,200,0.008253,success
2026-08-27T14:39:21.3NZ,200,0.006359,success
2026-08-27T14:39:22.3NZ,200,0.005519,success
2026-08-27T14:39:22.3NZ,200,0.009157,success
2026-08-27T14:39:22.3NZ,200,0.006550,success
2026-08-27T14:39:22.3NZ,200,0.003546,success
2026-08-27T14:39:22.3NZ,200,0.003489,success
2026-08-27T14:39:22.3NZ,200,0.006135,success
2026-08-27T14:39:22.3NZ,200,0.008738,success
2026-08-27T14:39:23.3NZ,200,0.010979,success
2026-08-27T14:39:23.3NZ,200,0.016805,success
2026-08-27T14:39:23.3NZ,200,0.012234,success
2026-08-27T14:39:23.3NZ,200,0.006408,success
2026-08-27T14:39:23.3NZ,200,0.004188,success
2026-08-27T14:39:23.3NZ,200,0.005090,success
2026-08-27T14:39:23.3NZ,200,0.007705,success
2026-08-27T14:39:24.3NZ,200,0.011869,success
2026-08-27T14:39:24.3NZ,200,0.004197,success
2026-08-27T14:39:24.3NZ,200,0.005570,success
2026-08-27T14:39:24.3NZ,200,0.006293,success
2026-08-27T14:39:24.3NZ,200,0.010237,success
2026-08-27T14:39:24.3NZ,200,0.008886,success
2026-08-27T14:39:24.3NZ,200,0.005612,success
2026-08-27T14:39:25.3NZ,200,0.004454,success
2026-08-27T14:39:25.3NZ,200,0.008110,success
2026-08-27T14:39:25.3NZ,200,0.014350,success
2026-08-27T14:39:25.3NZ,200,0.012466,success
2026-08-27T14:39:25.3NZ,200,0.010582,success
2026-08-27T14:39:25.3NZ,200,0.008370,success
2026-08-27T14:39:25.3NZ,200,0.010174,success
2026-08-27T14:39:26.3NZ,200,0.010611,success
2026-08-27T14:39:26.3NZ,200,0.011217,success
2026-08-27T14:39:26.3NZ,200,0.012632,success
2026-08-27T14:39:26.3NZ,200,0.005724,success
2026-08-27T14:39:26.3NZ,200,0.007054,success
2026-08-27T14:39:26.3NZ,200,0.011721,success
2026-08-27T14:39:26.3NZ,200,0.004707,success
2026-08-27T14:39:27.3NZ,200,0.009069,success
2026-08-27T14:39:27.3NZ,200,0.006218,success
2026-08-27T14:39:27.3NZ,200,0.012352,success
2026-08-27T14:39:27.3NZ,200,0.004520,success
2026-08-27T14:39:27.3NZ,200,0.010379,success
2026-08-27T14:39:27.3NZ,200,0.006187,success
2026-08-27T14:39:28.3NZ,200,0.006452,success
2026-08-27T14:39:28.3NZ,200,0.011156,success
2026-08-27T14:39:28.3NZ,200,0.005169,success
2026-08-27T14:39:28.3NZ,200,0.009210,success
2026-08-27T14:39:28.3NZ,200,0.005569,success
2026-08-27T14:39:28.3NZ,200,0.004885,success
2026-08-27T14:39:28.3NZ,200,0.007630,success
2026-08-27T14:39:29.3NZ,200,0.006955,success
2026-08-27T14:39:29.3NZ,200,0.005169,success
2026-08-27T14:39:29.3NZ,200,0.013470,success
2026-08-27T14:39:29.3NZ,200,0.012548,success
2026-08-27T14:39:29.3NZ,200,0.007373,success
2026-08-27T14:39:29.3NZ,200,0.004936,success
2026-08-27T14:39:29.3NZ,200,0.003818,success
2026-08-27T14:39:30.3NZ,200,0.005928,success
2026-08-27T14:39:30.3NZ,200,0.006306,success
2026-08-27T14:39:30.3NZ,200,0.009855,success
2026-08-27T14:39:30.3NZ,200,0.012624,success
2026-08-27T14:39:30.3NZ,200,0.013243,success
2026-08-27T14:39:30.3NZ,200,0.005721,success
2026-08-27T14:39:30.3NZ,200,0.006283,success
2026-08-27T14:39:31.3NZ,200,0.006367,success
2026-08-27T14:39:31.3NZ,200,0.008562,success
2026-08-27T14:39:31.3NZ,200,0.012755,success
2026-08-27T14:39:31.3NZ,200,0.011642,success
2026-08-27T14:39:31.3NZ,200,0.006019,success
2026-08-27T14:39:31.3NZ,200,0.004515,success
2026-08-27T14:39:31.3NZ,200,0.004801,success
2026-08-27T14:39:32.3NZ,200,0.007782,success
2026-08-27T14:39:32.3NZ,200,0.008887,success
2026-08-27T14:39:32.3NZ,200,0.008972,success
2026-08-27T14:39:32.3NZ,200,0.008260,success
2026-08-27T14:39:32.3NZ,200,0.007223,success
2026-08-27T14:39:32.3NZ,200,0.011473,success
2026-08-27T14:39:32.3NZ,200,0.012358,success
2026-08-27T14:39:33.3NZ,200,0.008081,success
2026-08-27T14:39:33.3NZ,200,0.012371,success
2026-08-27T14:39:33.3NZ,200,0.010346,success
2026-08-27T14:39:33.3NZ,200,0.011467,success
2026-08-27T14:39:33.3NZ,200,0.005110,success
2026-08-27T14:39:33.3NZ,200,0.005877,success
2026-08-27T14:39:33.3NZ,200,0.011800,success
2026-08-27T14:39:34.3NZ,200,0.008513,success
2026-08-27T14:39:34.3NZ,200,0.008506,success
2026-08-27T14:39:34.3NZ,200,0.004008,success
2026-08-27T14:39:34.3NZ,200,0.004509,success
2026-08-27T14:39:34.3NZ,200,0.003753,success
2026-08-27T14:39:34.3NZ,200,0.006495,success
2026-08-27T14:39:34.3NZ,200,0.010444,success
2026-08-27T14:39:35.3NZ,200,0.005873,success
2026-08-27T14:39:35.3NZ,200,0.009691,success
2026-08-27T14:39:35.3NZ,200,0.006223,success
2026-08-27T14:39:35.3NZ,200,0.005278,success
2026-08-27T14:39:35.3NZ,200,0.012856,success
2026-08-27T14:39:35.3NZ,200,0.009336,success
2026-08-27T14:39:35.3NZ,200,0.009679,success
2026-08-27T14:39:36.3NZ,200,0.008650,success
2026-08-27T14:39:36.3NZ,200,0.008580,success
2026-08-27T14:39:36.3NZ,200,0.007304,success
2026-08-27T14:39:36.3NZ,200,0.010736,success
2026-08-27T14:39:36.3NZ,200,0.010867,success
2026-08-27T14:39:36.3NZ,200,0.011923,success
2026-08-27T14:39:36.3NZ,200,0.011040,success
2026-08-27T14:39:37.3NZ,200,0.006900,success
2026-08-27T14:39:37.3NZ,200,0.008039,success
2026-08-27T14:39:37.3NZ,200,0.007089,success
2026-08-27T14:39:37.3NZ,200,0.006426,success
2026-08-27T14:39:37.3NZ,200,0.007015,success
2026-08-27T14:39:37.3NZ,200,0.005828,success
2026-08-27T14:39:37.3NZ,200,0.008408,success
2026-08-27T14:39:38.3NZ,200,0.015289,success
2026-08-27T14:39:38.3NZ,200,0.006221,success
2026-08-27T14:39:38.3NZ,200,0.009298,success
2026-08-27T14:39:38.3NZ,200,0.006679,success
2026-08-27T14:39:38.3NZ,200,0.005718,success
2026-08-27T14:39:38.3NZ,200,0.006065,success
2026-08-27T14:39:38.3NZ,200,0.007961,success
2026-08-27T14:39:39.3NZ,200,0.006905,success
2026-08-27T14:39:39.3NZ,200,0.006202,success
2026-08-27T14:39:39.3NZ,200,0.017444,success
2026-08-27T14:39:39.3NZ,200,0.013993,success
2026-08-27T14:39:39.3NZ,200,0.005652,success
2026-08-27T14:39:39.3NZ,200,0.005064,success
2026-08-27T14:39:40.3NZ,200,0.008892,success
2026-08-27T14:39:40.3NZ,200,0.011246,success
2026-08-27T14:39:40.3NZ,200,0.009193,success
2026-08-27T14:39:40.3NZ,200,0.011271,success
2026-08-27T14:39:40.3NZ,200,0.012215,success
2026-08-27T14:39:40.3NZ,200,0.007437,success
2026-08-27T14:39:40.3NZ,200,0.009298,success
2026-08-27T14:39:41.3NZ,200,0.008047,success
2026-08-27T14:39:41.3NZ,200,0.009946,success
2026-08-27T14:39:41.3NZ,200,0.009374,success
2026-08-27T14:39:41.3NZ,200,0.008799,success
2026-08-27T14:39:41.3NZ,200,0.012748,success
2026-08-27T14:39:41.3NZ,200,0.008618,success
2026-08-27T14:39:41.3NZ,200,0.005694,success
2026-08-27T14:39:42.3NZ,200,0.005077,success
2026-08-27T14:39:42.3NZ,200,0.005830,success
2026-08-27T14:39:42.3NZ,200,0.010310,success
2026-08-27T14:39:42.3NZ,200,0.009251,success
2026-08-27T14:39:42.3NZ,200,0.010193,success
2026-08-27T14:39:42.3NZ,200,0.015684,success
2026-08-27T14:39:42.3NZ,200,0.013441,success
2026-08-27T14:39:43.3NZ,200,0.009202,success
2026-08-27T14:39:43.3NZ,200,0.012806,success
2026-08-27T14:39:43.3NZ,200,0.011536,success
2026-08-27T14:39:43.3NZ,200,0.009663,success
2026-08-27T14:39:43.3NZ,200,0.012632,success
2026-08-27T14:39:43.3NZ,200,0.007230,success
2026-08-27T14:39:44.3NZ,200,0.004458,success
2026-08-27T14:39:44.3NZ,200,0.003817,success
2026-08-27T14:39:44.3NZ,200,0.005993,success
2026-08-27T14:39:44.3NZ,200,0.009535,success
2026-08-27T14:39:44.3NZ,200,0.006999,success
2026-08-27T14:39:44.3NZ,200,0.004508,success
2026-08-27T14:39:44.3NZ,200,0.004246,success
2026-08-27T14:39:44.3NZ,200,0.005507,success
2026-08-27T14:39:45.3NZ,200,0.004992,success
2026-08-27T14:39:45.3NZ,200,0.010564,success
2026-08-27T14:39:45.3NZ,200,0.016080,success
2026-08-27T14:39:45.3NZ,200,0.010029,success
2026-08-27T14:39:45.3NZ,200,0.010041,success
2026-08-27T14:39:45.3NZ,200,0.011191,success
2026-08-27T14:39:45.3NZ,200,0.010854,success
2026-08-27T14:39:46.3NZ,200,0.004575,success
2026-08-27T14:39:46.3NZ,200,0.005522,success
2026-08-27T14:39:46.3NZ,200,0.005628,success
2026-08-27T14:39:46.3NZ,200,0.011371,success
2026-08-27T14:39:46.3NZ,200,0.007709,success
2026-08-27T14:39:46.3NZ,200,0.009954,success
2026-08-27T14:39:46.3NZ,200,0.013033,success
2026-08-27T14:39:47.3NZ,200,0.009567,success
2026-08-27T14:39:47.3NZ,200,0.008379,success
2026-08-27T14:39:47.3NZ,200,0.027972,success
2026-08-27T14:39:47.3NZ,200,0.006025,success
2026-08-27T14:39:47.3NZ,200,0.005502,success
2026-08-27T14:39:47.3NZ,200,0.007364,success
2026-08-27T14:39:48.3NZ,200,0.008541,success
2026-08-27T14:39:48.3NZ,200,0.013641,success
2026-08-27T14:39:48.3NZ,200,0.007724,success
2026-08-27T14:39:48.3NZ,200,0.008769,success
2026-08-27T14:39:48.3NZ,200,0.008155,success
2026-08-27T14:39:48.3NZ,200,0.006732,success
2026-08-27T14:39:48.3NZ,200,0.009160,success
2026-08-27T14:39:49.3NZ,200,0.007764,success
2026-08-27T14:39:49.3NZ,200,0.010478,success
2026-08-27T14:39:49.3NZ,200,0.013108,success
2026-08-27T14:39:49.3NZ,200,0.012765,success
2026-08-27T14:39:49.3NZ,200,0.006519,success
2026-08-27T14:39:49.3NZ,200,0.005695,success
2026-08-27T14:39:49.3NZ,200,0.007948,success
2026-08-27T14:39:50.3NZ,200,0.007420,success
2026-08-27T14:39:50.3NZ,200,0.009402,success
2026-08-27T14:39:50.3NZ,200,0.008631,success
2026-08-27T14:39:50.3NZ,200,0.010677,success
2026-08-27T14:39:50.3NZ,200,0.006134,success
2026-08-27T14:39:50.3NZ,200,0.005460,success
2026-08-27T14:39:51.3NZ,200,0.008462,success
2026-08-27T14:39:51.3NZ,200,0.008337,success
2026-08-27T14:39:51.3NZ,200,0.008656,success
2026-08-27T14:39:51.3NZ,200,0.010249,success
2026-08-27T14:39:51.3NZ,200,0.009938,success
2026-08-27T14:39:51.3NZ,200,0.010540,success
2026-08-27T14:39:51.3NZ,200,0.010942,success
2026-08-27T14:39:52.3NZ,200,0.006463,success
2026-08-27T14:39:52.3NZ,200,0.004774,success
2026-08-27T14:39:52.3NZ,200,0.005598,success
2026-08-27T14:39:52.3NZ,200,0.005632,success
2026-08-27T14:39:52.3NZ,200,0.005699,success
2026-08-27T14:39:52.3NZ,200,0.008806,success
2026-08-27T14:39:52.3NZ,200,0.009648,success
2026-08-27T14:39:53.3NZ,200,0.010756,success
2026-08-27T14:39:53.3NZ,200,0.010311,success
2026-08-27T14:39:53.3NZ,200,0.006417,success
2026-08-27T14:39:53.3NZ,200,0.009000,success
2026-08-27T14:39:53.3NZ,200,0.014808,success
2026-08-27T14:39:53.3NZ,200,0.007446,success
2026-08-27T14:39:53.3NZ,200,0.008074,success
2026-08-27T14:39:54.3NZ,200,0.010043,success
2026-08-27T14:39:54.3NZ,200,0.011661,success
2026-08-27T14:39:54.3NZ,200,0.015790,success
2026-08-27T14:39:54.3NZ,200,0.011840,success
2026-08-27T14:39:54.3NZ,200,0.012481,success
2026-08-27T14:39:54.3NZ,200,0.005901,success
2026-08-27T14:39:55.3NZ,200,0.005372,success
2026-08-27T14:39:55.3NZ,200,0.007809,success
2026-08-27T14:39:55.3NZ,200,0.009636,success
2026-08-27T14:39:55.3NZ,200,0.015264,success
2026-08-27T14:39:55.3NZ,200,0.012133,success
2026-08-27T14:39:55.3NZ,200,0.007740,success
2026-08-27T14:39:55.3NZ,200,0.007343,success
2026-08-27T14:39:56.3NZ,200,0.013047,success
2026-08-27T14:39:56.3NZ,200,0.009216,success
2026-08-27T14:39:56.3NZ,200,0.010298,success
